{"type":"FeatureCollection","metadata":{"coverage":[101.35,2.7,102,3.45],"source":"Geofabrik Malaysia, Singapore and Brunei OpenStreetMap extract","sourceDate":"2026-08-14"},"features":[{"type":"Feature","properties":{"class":"city","name":"Kajang","osm_id":140022516},"geometry":{"type":"Point","coordinates":[101.78966,2.99484]}},{"type":"Feature","properties":{"class":"neighbourhood","name":"Jenaris","osm_id":140023910},"geometry":{"type":"Point","coordinates":[101.80229,3.01184]}},{"type":"Feature","properties":{"class":"town","name":"Bandar Baru Bangi","osm_id":141156064},"geometry":{"type":"Point","coordinates":[101.75867,2.96032]}},{"type":"Feature","properties":{"class":"suburb","name":"Bandar Tun Razak","osm_id":142337825},"geometry":{"type":"Point","coordinates":[101.71937,3.09219]}},{"type":"Feature","properties":{"class":"city","name":"Shah Alam","osm_id":142457861},"geometry":{"type":"Point","coordinates":[101.51853,3.07394]}},{"type":"Feature","properties":{"class":"town","name":"Cyberjaya","osm_id":173701610},"geometry":{"type":"Point","coordinates":[101.64556,2.93389]}},{"type":"Feature","properties":{"class":"suburb","name":"Bukit Jelutong","osm_id":188284728},"geometry":{"type":"Point","coordinates":[101.53745,3.10017]}},{"type":"Feature","properties":{"class":"suburb","name":"Teluk Datok","osm_id":197010379},"geometry":{"type":"Point","coordinates":[101.51846,2.81803]}},{"type":"Feature","properties":{"class":"city","name":"Banting","osm_id":197013994},"geometry":{"type":"Point","coordinates":[101.49568,2.80276]}},{"type":"Feature","properties":{"class":"town","name":"Teluk Panglima Garang","osm_id":197015281},"geometry":{"type":"Point","coordinates":[101.46945,2.91034]}},{"type":"Feature","properties":{"class":"city","name":"Klang","osm_id":207539494},"geometry":{"type":"Point","coordinates":[101.44474,3.04484]}},{"type":"Feature","properties":{"class":"town","name":"Lenggeng","osm_id":254072834},"geometry":{"type":"Point","coordinates":[101.94339,2.86143]}},{"type":"Feature","properties":{"class":"suburb","name":"Subang","osm_id":254072835},"geometry":{"type":"Point","coordinates":[101.53115,3.15049]}},{"type":"Feature","properties":{"class":"town","name":"Puchong","osm_id":254072844},"geometry":{"type":"Point","coordinates":[101.61703,3.03423]}},{"type":"Feature","properties":{"class":"suburb","name":"Pudu","osm_id":254072856},"geometry":{"type":"Point","coordinates":[101.71548,3.13386]}},{"type":"Feature","properties":{"class":"town","name":"Pelabuhan Klang","osm_id":254072863},"geometry":{"type":"Point","coordinates":[101.39667,3.00276]}},{"type":"Feature","properties":{"class":"town","name":"Bestari Jaya","osm_id":254072917},"geometry":{"type":"Point","coordinates":[101.41022,3.37801]}},{"type":"Feature","properties":{"class":"town","name":"Genting Highlands","osm_id":254072956},"geometry":{"type":"Point","coordinates":[101.7934,3.42368]}},{"type":"Feature","properties":{"class":"village","name":"Beranang","osm_id":254072964},"geometry":{"type":"Point","coordinates":[101.87199,2.87461]}},{"type":"Feature","properties":{"class":"suburb","name":"Batu Tiga","osm_id":254072974},"geometry":{"type":"Point","coordinates":[101.55744,3.06948]}},{"type":"Feature","properties":{"class":"town","name":"Serendah","osm_id":254072981},"geometry":{"type":"Point","coordinates":[101.60331,3.36514]}},{"type":"Feature","properties":{"class":"village","name":"Pajam","osm_id":254072983},"geometry":{"type":"Point","coordinates":[101.84973,2.84367]}},{"type":"Feature","properties":{"class":"suburb","name":"Sentul","osm_id":254072990},"geometry":{"type":"Point","coordinates":[101.69044,3.17686]}},{"type":"Feature","properties":{"class":"suburb","name":"Sungai Chua","osm_id":254073092},"geometry":{"type":"Point","coordinates":[101.7755,2.98795]}},{"type":"Feature","properties":{"class":"town","name":"Batu 14 Hulu Langat","osm_id":254073104},"geometry":{"type":"Point","coordinates":[101.81566,3.11364]}},{"type":"Feature","properties":{"class":"town","name":"Semenyih","osm_id":254073128},"geometry":{"type":"Point","coordinates":[101.84599,2.94739]}},{"type":"Feature","properties":{"class":"suburb","name":"Balakong","osm_id":254073138},"geometry":{"type":"Point","coordinates":[101.74721,3.02913]}},{"type":"Feature","properties":{"class":"suburb","name":"Morib","osm_id":254073185},"geometry":{"type":"Point","coordinates":[101.44302,2.7498]}},{"type":"Feature","properties":{"class":"town","name":"Mantin","osm_id":254073259},"geometry":{"type":"Point","coordinates":[101.89379,2.82572]}},{"type":"Feature","properties":{"class":"suburb","name":"Rahang","osm_id":254073289},"geometry":{"type":"Point","coordinates":[101.95721,2.71064]}},{"type":"Feature","properties":{"class":"village","name":"Broga","osm_id":254073338},"geometry":{"type":"Point","coordinates":[101.9112,2.9366]}},{"type":"Feature","properties":{"class":"city","name":"Ampang Jaya","osm_id":254073391},"geometry":{"type":"Point","coordinates":[101.75386,3.12761]}},{"type":"Feature","properties":{"class":"town","name":"Kapar","osm_id":254073465},"geometry":{"type":"Point","coordinates":[101.37321,3.13775]}},{"type":"Feature","properties":{"class":"city","name":"Petaling Jaya","osm_id":254073469},"geometry":{"type":"Point","coordinates":[101.64542,3.09888]}},{"type":"Feature","properties":{"class":"suburb","name":"Setapak","osm_id":254073701},"geometry":{"type":"Point","coordinates":[101.71397,3.19758]}},{"type":"Feature","properties":{"class":"suburb","name":"Ulu Yam Bharu","osm_id":254073865},"geometry":{"type":"Point","coordinates":[101.65758,3.43301]}},{"type":"Feature","properties":{"class":"village","name":"Permatang Pasir","osm_id":254074004},"geometry":{"type":"Point","coordinates":[101.43012,2.83719]}},{"type":"Feature","properties":{"class":"village","name":"Kanchong Darat","osm_id":254074005},"geometry":{"type":"Point","coordinates":[101.48353,2.78778]}},{"type":"Feature","properties":{"class":"town","name":"Rawang","osm_id":254074012},"geometry":{"type":"Point","coordinates":[101.57731,3.31977]}},{"type":"Feature","properties":{"class":"village","name":"Batu Arang","osm_id":254074014},"geometry":{"type":"Point","coordinates":[101.47214,3.31878]}},{"type":"Feature","properties":{"class":"town","name":"Kepong","osm_id":254074050},"geometry":{"type":"Point","coordinates":[101.63484,3.21403]}},{"type":"Feature","properties":{"class":"town","name":"Gombak","osm_id":254074058},"geometry":{"type":"Point","coordinates":[101.71457,3.23304]}},{"type":"Feature","properties":{"class":"suburb","name":"Sungai Besi","osm_id":254074108},"geometry":{"type":"Point","coordinates":[101.71088,3.06519]}},{"type":"Feature","properties":{"class":"town","name":"Ijok","osm_id":254074126},"geometry":{"type":"Point","coordinates":[101.41662,3.31392]}},{"type":"Feature","properties":{"class":"suburb","name":"Batu","osm_id":254074177},"geometry":{"type":"Point","coordinates":[101.67102,3.20182]}},{"type":"Feature","properties":{"class":"town","name":"Kuang","osm_id":254074307},"geometry":{"type":"Point","coordinates":[101.55318,3.25543]}},{"type":"Feature","properties":{"class":"suburb","name":"Salak","osm_id":254074347},"geometry":{"type":"Point","coordinates":[101.75082,2.78321]}},{"type":"Feature","properties":{"class":"suburb","name":"Pandan Indah","osm_id":254238877},"geometry":{"type":"Point","coordinates":[101.75006,3.13118]}},{"type":"Feature","properties":{"class":"suburb","name":"Salak Selatan","osm_id":255033256},"geometry":{"type":"Point","coordinates":[101.70298,3.08954]}},{"type":"Feature","properties":{"class":"neighbourhood","name":"Tanjung Harapan","osm_id":263862465},"geometry":{"type":"Point","coordinates":[101.36581,3.00254]}},{"type":"Feature","properties":{"class":"suburb","name":"Bandar Country Homes","osm_id":264168880},"geometry":{"type":"Point","coordinates":[101.53269,3.3291]}},{"type":"Feature","properties":{"class":"neighbourhood","name":"Taman Desa Mas","osm_id":264169096},"geometry":{"type":"Point","coordinates":[101.52738,3.34076]}},{"type":"Feature","properties":{"class":"suburb","name":"Kampung Baru","osm_id":264908203},"geometry":{"type":"Point","coordinates":[101.70548,3.16439]}},{"type":"Feature","properties":{"class":"neighbourhood","name":"Pangsapuri Jasmin","osm_id":265270847},"geometry":{"type":"Point","coordinates":[101.53621,3.16414]}},{"type":"Feature","properties":{"class":"neighbourhood","name":"Pangsapuri Orkid","osm_id":265270860},"geometry":{"type":"Point","coordinates":[101.53799,3.16421]}},{"type":"Feature","properties":{"class":"neighbourhood","name":"Pinggiran Batu Caves","osm_id":275075267},"geometry":{"type":"Point","coordinates":[101.69331,3.2554]}},{"type":"Feature","properties":{"class":"city","name":"Selayang","osm_id":275083336},"geometry":{"type":"Point","coordinates":[101.6539,3.25371]}},{"type":"Feature","properties":{"class":"neighbourhood","name":"Impian Setia","osm_id":279160902},"geometry":{"type":"Point","coordinates":[101.78776,3.00988]}},{"type":"Feature","properties":{"class":"suburb","name":"Putra Permai","osm_id":279589119},"geometry":{"type":"Point","coordinates":[101.67065,2.99519]}},{"type":"Feature","properties":{"class":"suburb","name":"Wangsa Maju","osm_id":293570246},"geometry":{"type":"Point","coordinates":[101.7395,3.20238]}},{"type":"Feature","properties":{"class":"suburb","name":"Glenmarie","osm_id":294055887},"geometry":{"type":"Point","coordinates":[101.57379,3.09287]}},{"type":"Feature","properties":{"class":"suburb","name":"Subang Bestari","osm_id":294592541},"geometry":{"type":"Point","coordinates":[101.54295,3.17356]}},{"type":"Feature","properties":{"class":"neighbourhood","name":"Kampung Raja Uda","osm_id":296125543},"geometry":{"type":"Point","coordinates":[101.4084,3.01501]}},{"type":"Feature","properties":{"class":"neighbourhood","name":"Taman Pahlawan","osm_id":300475751},"geometry":{"type":"Point","coordinates":[101.47939,2.91099]}},{"type":"Feature","properties":{"class":"suburb","name":"Bandar Tasik Puteri","osm_id":303786400},"geometry":{"type":"Point","coordinates":[101.4738,3.28542]}},{"type":"Feature","properties":{"class":"neighbourhood","name":"Taman Sri Manja","osm_id":305806887},"geometry":{"type":"Point","coordinates":[101.64552,3.0739]}},{"type":"Feature","properties":{"class":"neighbourhood","name":"Taman Baru","osm_id":308273059},"geometry":{"type":"Point","coordinates":[101.49456,3.04852]}},{"type":"Feature","properties":{"class":"neighbourhood","name":"Sungai Rasah Dalam @ Kulon","osm_id":308274168},"geometry":{"type":"Point","coordinates":[101.47741,3.05096]}},{"type":"Feature","properties":{"class":"neighbourhood","name":"Kajang Villa","osm_id":312104883},"geometry":{"type":"Point","coordinates":[101.79857,2.96008]}},{"type":"Feature","properties":{"class":"neighbourhood","name":"Saujana Damai","osm_id":313045505},"geometry":{"type":"Point","coordinates":[101.80771,3.02097]}},{"type":"Feature","properties":{"class":"neighbourhood","name":"Pinggiran Saujana","osm_id":313045704},"geometry":{"type":"Point","coordinates":[101.80036,3.01542]}},{"type":"Feature","properties":{"class":"suburb","name":"Kota Damansara","osm_id":318685935},"geometry":{"type":"Point","coordinates":[101.59354,3.15367]}},{"type":"Feature","properties":{"class":"suburb","name":"Kota Kemuning","osm_id":322622997},"geometry":{"type":"Point","coordinates":[101.53598,3.0049]}},{"type":"Feature","properties":{"class":"neighbourhood","name":"SEA Park","osm_id":364775272},"geometry":{"type":"Point","coordinates":[101.62162,3.11017]}},{"type":"Feature","properties":{"class":"village","name":"Jenderam","osm_id":364871496},"geometry":{"type":"Point","coordinates":[101.73136,2.86911]}},{"type":"Feature","properties":{"class":"town","name":"Bandar Baru Salak Tinggi","osm_id":364871497},"geometry":{"type":"Point","coordinates":[101.73728,2.81234]}},{"type":"Feature","properties":{"class":"town","name":"Dengkil","osm_id":364871498},"geometry":{"type":"Point","coordinates":[101.67563,2.86802]}},{"type":"Feature","properties":{"class":"city","name":"Subang Jaya","osm_id":368878591},"geometry":{"type":"Point","coordinates":[101.58233,3.05149]}},{"type":"Feature","properties":{"class":"city","name":"Seremban","osm_id":422445949},"geometry":{"type":"Point","coordinates":[101.94006,2.7231]}},{"type":"Feature","properties":{"class":"neighbourhood","name":"Taman Cuepacs","osm_id":478536776},"geometry":{"type":"Point","coordinates":[101.65484,3.19371]}},{"type":"Feature","properties":{"class":"suburb","name":"Bandar Utama","osm_id":488757831},"geometry":{"type":"Point","coordinates":[101.61138,3.14321]}},{"type":"Feature","properties":{"class":"suburb","name":"Bandar Enstek","osm_id":530289207},"geometry":{"type":"Point","coordinates":[101.7675,2.75745]}},{"type":"Feature","properties":{"class":"suburb","name":"Kota Seriemas","osm_id":554324656},"geometry":{"type":"Point","coordinates":[101.77532,2.78005]}},{"type":"Feature","properties":{"class":"town","name":"Nilai","osm_id":560652347},"geometry":{"type":"Point","coordinates":[101.79817,2.8021]}},{"type":"Feature","properties":{"class":"neighbourhood","name":"Taman England","osm_id":586694633},"geometry":{"type":"Point","coordinates":[101.95677,2.73358]}},{"type":"Feature","properties":{"class":"suburb","name":"Paroi","osm_id":587612214},"geometry":{"type":"Point","coordinates":[101.98101,2.72664]}},{"type":"Feature","properties":{"class":"town","name":"Labu","osm_id":587612216},"geometry":{"type":"Point","coordinates":[101.82564,2.75335]}},{"type":"Feature","properties":{"class":"village","name":"Gadong","osm_id":587612217},"geometry":{"type":"Point","coordinates":[101.83029,2.70023]}},{"type":"Feature","properties":{"class":"neighbourhood","name":"Bandar Baru Ampangan","osm_id":587612220},"geometry":{"type":"Point","coordinates":[101.96247,2.72501]}},{"type":"Feature","properties":{"class":"neighbourhood","name":"Taman Bunga Raya","osm_id":587752886},"geometry":{"type":"Point","coordinates":[101.55052,3.441]}},{"type":"Feature","properties":{"class":"neighbourhood","name":"Rumah Murah Salak","osm_id":709795958},"geometry":{"type":"Point","coordinates":[101.75272,2.77532]}},{"type":"Feature","properties":{"class":"neighbourhood","name":"Taman Warisan Puteri","osm_id":712884039},"geometry":{"type":"Point","coordinates":[101.97492,2.74998]}},{"type":"Feature","properties":{"class":"neighbourhood","name":"Taman Desa Manggis","osm_id":712884343},"geometry":{"type":"Point","coordinates":[101.95316,2.73314]}},{"type":"Feature","properties":{"class":"village","name":"Kampung Desa Putra","osm_id":1311884885},"geometry":{"type":"Point","coordinates":[101.73482,2.91943]}},{"type":"Feature","properties":{"class":"suburb","name":"Alam Damai","osm_id":1352125909},"geometry":{"type":"Point","coordinates":[101.74073,3.06471]}},{"type":"Feature","properties":{"class":"neighbourhood","name":"Bandar Sunway Semenyih","osm_id":1370727491},"geometry":{"type":"Point","coordinates":[101.84185,2.96996]}},{"type":"Feature","properties":{"class":"neighbourhood","name":"Taman Desaminium","osm_id":1475172931},"geometry":{"type":"Point","coordinates":[101.66265,3.00782]}},{"type":"Feature","properties":{"class":"suburb","name":"16 Sierra","osm_id":1489439959},"geometry":{"type":"Point","coordinates":[101.65423,2.96952]}},{"type":"Feature","properties":{"class":"neighbourhood","name":"Bukit Gasing","osm_id":1490405904},"geometry":{"type":"Point","coordinates":[101.65813,3.09098]}},{"type":"Feature","properties":{"class":"neighbourhood","name":"Garden Residence","osm_id":1524586413},"geometry":{"type":"Point","coordinates":[101.67069,2.95016]}},{"type":"Feature","properties":{"class":"suburb","name":"Bandar Sungai Long","osm_id":1627864716},"geometry":{"type":"Point","coordinates":[101.79871,3.04277]}},{"type":"Feature","properties":{"class":"neighbourhood","name":"Taman Paramount","osm_id":1666054335},"geometry":{"type":"Point","coordinates":[101.6246,3.1072]}},{"type":"Feature","properties":{"class":"town","name":"Batu Caves","osm_id":1686561043},"geometry":{"type":"Point","coordinates":[101.68335,3.23691]}},{"type":"Feature","properties":{"class":"suburb","name":"Bandar Mahkota Cheras","osm_id":1707845126},"geometry":{"type":"Point","coordinates":[101.7898,3.05686]}},{"type":"Feature","properties":{"class":"suburb","name":"Taman Klang Utama","osm_id":1764793188},"geometry":{"type":"Point","coordinates":[101.41769,3.08612]}},{"type":"Feature","properties":{"class":"neighbourhood","name":"Taman Baiduri","osm_id":1767229748},"geometry":{"type":"Point","coordinates":[101.68079,2.86237]}},{"type":"Feature","properties":{"class":"neighbourhood","name":"Taman Permata","osm_id":1769147235},"geometry":{"type":"Point","coordinates":[101.68174,2.86338]}},{"type":"Feature","properties":{"class":"neighbourhood","name":"Taman Damai Mewah","osm_id":1798920987},"geometry":{"type":"Point","coordinates":[101.80942,2.98572]}},{"type":"Feature","properties":{"class":"neighbourhood","name":"Taman Jasmin","osm_id":1799020371},"geometry":{"type":"Point","coordinates":[101.811,2.98211]}},{"type":"Feature","properties":{"class":"city","name":"Kuala Lumpur","osm_id":1889910974},"geometry":{"type":"Point","coordinates":[101.69424,3.1517]}},{"type":"Feature","properties":{"class":"town","name":"Bukit Tinggi","osm_id":1945539528},"geometry":{"type":"Point","coordinates":[101.82126,3.34898]}},{"type":"Feature","properties":{"class":"suburb","name":"Bandar Sri Permaisuri","osm_id":1980625265},"geometry":{"type":"Point","coordinates":[101.71087,3.10116]}},{"type":"Feature","properties":{"class":"suburb","name":"Kota Emerald","osm_id":1999649184},"geometry":{"type":"Point","coordinates":[101.54983,3.32476]}},{"type":"Feature","properties":{"class":"neighbourhood","name":"Taman Tun Perak","osm_id":1999669683},"geometry":{"type":"Point","coordinates":[101.75841,3.06257]}},{"type":"Feature","properties":{"class":"neighbourhood","name":"Taman Muda","osm_id":2040322518},"geometry":{"type":"Point","coordinates":[101.75682,3.12179]}},{"type":"Feature","properties":{"class":"suburb","name":"Putra Heights","osm_id":2043551089},"geometry":{"type":"Point","coordinates":[101.5734,2.99368]}},{"type":"Feature","properties":{"class":"neighbourhood","name":"Taman Segambut Aman","osm_id":2049382952},"geometry":{"type":"Point","coordinates":[101.64768,3.19395]}},{"type":"Feature","properties":{"class":"neighbourhood","name":"Subang Galaksi","osm_id":2061483798},"geometry":{"type":"Point","coordinates":[101.53264,3.16996]}},{"type":"Feature","properties":{"class":"neighbourhood","name":"Taman Sri Minang","osm_id":2137455776},"geometry":{"type":"Point","coordinates":[101.79686,2.99661]}},{"type":"Feature","properties":{"class":"neighbourhood","name":"Taman Kajang Mulia","osm_id":2137455777},"geometry":{"type":"Point","coordinates":[101.79868,2.99913]}},{"type":"Feature","properties":{"class":"neighbourhood","name":"Fasa 9C, Bandar Tasik Kesuma","osm_id":2244401424},"geometry":{"type":"Point","coordinates":[101.88436,2.91512]}},{"type":"Feature","properties":{"class":"neighbourhood","name":"Kampung Desa Pahlawan","osm_id":2302193520},"geometry":{"type":"Point","coordinates":[101.74355,3.15067]}},{"type":"Feature","properties":{"class":"neighbourhood","name":"Taman Selayang Baru","osm_id":2366559799},"geometry":{"type":"Point","coordinates":[101.65872,3.2509]}},{"type":"Feature","properties":{"class":"suburb","name":"Jinjang","osm_id":2373377441},"geometry":{"type":"Point","coordinates":[101.65832,3.21131]}},{"type":"Feature","properties":{"class":"neighbourhood","name":"Kepong Bahru","osm_id":2373386409},"geometry":{"type":"Point","coordinates":[101.64262,3.20769]}},{"type":"Feature","properties":{"class":"neighbourhood","name":"Taman Kepong","osm_id":2373447549},"geometry":{"type":"Point","coordinates":[101.63842,3.20548]}},{"type":"Feature","properties":{"class":"neighbourhood","name":"Taman Bukit Maluri","osm_id":2373513815},"geometry":{"type":"Point","coordinates":[101.63228,3.19971]}},{"type":"Feature","properties":{"class":"neighbourhood","name":"Kampong Delima","osm_id":2373513819},"geometry":{"type":"Point","coordinates":[101.66957,3.20518]}},{"type":"Feature","properties":{"class":"neighbourhood","name":"Taman Aman Putra","osm_id":2373513836},"geometry":{"type":"Point","coordinates":[101.65949,3.22614]}},{"type":"Feature","properties":{"class":"neighbourhood","name":"Taman Wahyu","osm_id":2373513839},"geometry":{"type":"Point","coordinates":[101.67076,3.21244]}},{"type":"Feature","properties":{"class":"neighbourhood","name":"Taman Batu View","osm_id":2373524000},"geometry":{"type":"Point","coordinates":[101.67046,3.23222]}},{"type":"Feature","properties":{"class":"neighbourhood","name":"Taman Sri Melati","osm_id":2375047514},"geometry":{"type":"Point","coordinates":[101.65313,3.24192]}},{"type":"Feature","properties":{"class":"neighbourhood","name":"Taman Intan Baiduri","osm_id":2375057743},"geometry":{"type":"Point","coordinates":[101.64859,3.23192]}},{"type":"Feature","properties":{"class":"neighbourhood","name":"Taman Selayang Jaya","osm_id":2375057755},"geometry":{"type":"Point","coordinates":[101.65141,3.23914]}},{"type":"Feature","properties":{"class":"neighbourhood","name":"Taman Kepong Indah","osm_id":2375704528},"geometry":{"type":"Point","coordinates":[101.63989,3.22805]}},{"type":"Feature","properties":{"class":"neighbourhood","name":"Taman Daya","osm_id":2375704551},"geometry":{"type":"Point","coordinates":[101.63611,3.22306]}},{"type":"Feature","properties":{"class":"neighbourhood","name":"Kepong Ulu","osm_id":2375733453},"geometry":{"type":"Point","coordinates":[101.63433,3.22822]}},{"type":"Feature","properties":{"class":"neighbourhood","name":"Kampung Lembah Indah","osm_id":2376693732},"geometry":{"type":"Point","coordinates":[101.66708,3.24565]}},{"type":"Feature","properties":{"class":"neighbourhood","name":"Taman Selayang","osm_id":2376693734},"geometry":{"type":"Point","coordinates":[101.67374,3.24123]}},{"type":"Feature","properties":{"class":"neighbourhood","name":"Taman Bukit Permai","osm_id":2383446415},"geometry":{"type":"Point","coordinates":[101.76009,3.109]}},{"type":"Feature","properties":{"class":"neighbourhood","name":"Taman Seri Raya","osm_id":2383446417},"geometry":{"type":"Point","coordinates":[101.76799,3.12202]}},{"type":"Feature","properties":{"class":"neighbourhood","name":"Taman Seraya","osm_id":2383446420},"geometry":{"type":"Point","coordinates":[101.7614,3.11439]}},{"type":"Feature","properties":{"class":"neighbourhood","name":"Taman Mulia Jaya","osm_id":2383446424},"geometry":{"type":"Point","coordinates":[101.78944,3.13152]}},{"type":"Feature","properties":{"class":"neighbourhood","name":"Taman Tasik Tambahan","osm_id":2383446426},"geometry":{"type":"Point","coordinates":[101.7753,3.1283]}},{"type":"Feature","properties":{"class":"neighbourhood","name":"Taman Mawar","osm_id":2383446427},"geometry":{"type":"Point","coordinates":[101.75524,3.11577]}},{"type":"Feature","properties":{"class":"neighbourhood","name":"Taman Bukit Teratai","osm_id":2383446430},"geometry":{"type":"Point","coordinates":[101.76754,3.11373]}},{"type":"Feature","properties":{"class":"neighbourhood","name":"Taman Seri Bayu","osm_id":2383446431},"geometry":{"type":"Point","coordinates":[101.77371,3.12435]}},{"type":"Feature","properties":{"class":"neighbourhood","name":"Taman Bukit Pandan","osm_id":2383446432},"geometry":{"type":"Point","coordinates":[101.75346,3.1081]}},{"type":"Feature","properties":{"class":"suburb","name":"Paya Jaras","osm_id":2385924967},"geometry":{"type":"Point","coordinates":[101.54617,3.1997]}},{"type":"Feature","properties":{"class":"neighbourhood","name":"Taman Putra Sulaiman","osm_id":2387242353},"geometry":{"type":"Point","coordinates":[101.75049,3.15205]}},{"type":"Feature","properties":{"class":"neighbourhood","name":"D'Kayangan","osm_id":2387964412},"geometry":{"type":"Point","coordinates":[101.5408,3.07619]}},{"type":"Feature","properties":{"class":"neighbourhood","name":"SL 6","osm_id":2389080389},"geometry":{"type":"Point","coordinates":[101.80593,3.04967]}},{"type":"Feature","properties":{"class":"neighbourhood","name":"SL 4","osm_id":2389080390},"geometry":{"type":"Point","coordinates":[101.80213,3.04033]}},{"type":"Feature","properties":{"class":"neighbourhood","name":"SL 7","osm_id":2389080391},"geometry":{"type":"Point","coordinates":[101.79716,3.04898]}},{"type":"Feature","properties":{"class":"neighbourhood","name":"SL 9","osm_id":2419516665},"geometry":{"type":"Point","coordinates":[101.80862,3.05108]}},{"type":"Feature","properties":{"class":"neighbourhood","name":"Taman Kundang Jaya","osm_id":2505644716},"geometry":{"type":"Point","coordinates":[101.52653,3.28218]}},{"type":"Feature","properties":{"class":"neighbourhood","name":"Taman Megah Kepong","osm_id":2511079629},"geometry":{"type":"Point","coordinates":[101.65125,3.19536]}},{"type":"Feature","properties":{"class":"neighbourhood","name":"Taman Ehsan Ibu Fasa 2","osm_id":2552031028},"geometry":{"type":"Point","coordinates":[101.55961,3.35813]}},{"type":"Feature","properties":{"class":"neighbourhood","name":"Taman Ehsan Ibu","osm_id":2552031029},"geometry":{"type":"Point","coordinates":[101.56101,3.35991]}},{"type":"Feature","properties":{"class":"neighbourhood","name":"Kampung Sri Gombak Indah","osm_id":2558333952},"geometry":{"type":"Point","coordinates":[101.69478,3.24346]}},{"type":"Feature","properties":{"class":"suburb","name":"Bandar Seri Coalfields","osm_id":2571629287},"geometry":{"type":"Point","coordinates":[101.4816,3.24418]}},{"type":"Feature","properties":{"class":"neighbourhood","name":"Taman Sri Kejora","osm_id":2618528877},"geometry":{"type":"Point","coordinates":[101.7824,2.97709]}},{"type":"Feature","properties":{"class":"suburb","name":"Pandan Perdana","osm_id":2632116756},"geometry":{"type":"Point","coordinates":[101.74108,3.11384]}},{"type":"Feature","properties":{"class":"neighbourhood","name":"Kampung Haji Mohamad Shariff","osm_id":2774584366},"geometry":{"type":"Point","coordinates":[101.45028,3.14362]}},{"type":"Feature","properties":{"class":"suburb","name":"Bandar Saujana Putra","osm_id":2805757523},"geometry":{"type":"Point","coordinates":[101.57976,2.95225]}},{"type":"Feature","properties":{"class":"neighbourhood","name":"Taman Sri Andalas","osm_id":2807836080},"geometry":{"type":"Point","coordinates":[101.44645,3.01425]}},{"type":"Feature","properties":{"class":"city","name":"Putrajaya","osm_id":2872238032},"geometry":{"type":"Point","coordinates":[101.68408,2.91797]}},{"type":"Feature","properties":{"class":"suburb","name":"Taman Tun Dr Ismail","osm_id":2873958119},"geometry":{"type":"Point","coordinates":[101.62492,3.15081]}},{"type":"Feature","properties":{"class":"neighbourhood","name":"Taman Seri Selayang","osm_id":2910306869},"geometry":{"type":"Point","coordinates":[101.67266,3.23681]}},{"type":"Feature","properties":{"class":"village","name":"Dusun Tua","osm_id":2935650683},"geometry":{"type":"Point","coordinates":[101.83878,3.14619]}},{"type":"Feature","properties":{"class":"neighbourhood","name":"Kampung Sungai Ramal Luar","osm_id":2935650686},"geometry":{"type":"Point","coordinates":[101.76463,2.98496]}},{"type":"Feature","properties":{"class":"town","name":"Bangi Lama","osm_id":2940308526},"geometry":{"type":"Point","coordinates":[101.78308,2.90299]}},{"type":"Feature","properties":{"class":"neighbourhood","name":"Taman Impian Ihsan","osm_id":2941380447},"geometry":{"type":"Point","coordinates":[101.75463,3.01765]}},{"type":"Feature","properties":{"class":"neighbourhood","name":"Taman City","osm_id":2951030267},"geometry":{"type":"Point","coordinates":[101.66784,3.19733]}},{"type":"Feature","properties":{"class":"neighbourhood","name":"Taman Permai Jaya","osm_id":3058581688},"geometry":{"type":"Point","coordinates":[101.72556,3.26395]}},{"type":"Feature","properties":{"class":"suburb","name":"Bandar Damai Perdana","osm_id":3069903782},"geometry":{"type":"Point","coordinates":[101.7386,3.04742]}},{"type":"Feature","properties":{"class":"suburb","name":"Damansara Utama","osm_id":3074518952},"geometry":{"type":"Point","coordinates":[101.62312,3.13806]}},{"type":"Feature","properties":{"class":"suburb","name":"Damansara Jaya","osm_id":3074518953},"geometry":{"type":"Point","coordinates":[101.61755,3.1265]}},{"type":"Feature","properties":{"class":"suburb","name":"Bandar Bukit Tinggi","osm_id":3078117607},"geometry":{"type":"Point","coordinates":[101.43693,3.00601]}},{"type":"Feature","properties":{"class":"suburb","name":"Bandar Botanic","osm_id":3078117609},"geometry":{"type":"Point","coordinates":[101.43993,2.98815]}},{"type":"Feature","properties":{"class":"village","name":"Batang Benar","osm_id":3093521407},"geometry":{"type":"Point","coordinates":[101.82723,2.84443]}},{"type":"Feature","properties":{"class":"town","name":"Meru","osm_id":3100312772},"geometry":{"type":"Point","coordinates":[101.44113,3.13868]}},{"type":"Feature","properties":{"class":"neighbourhood","name":"Taman Meru Putra","osm_id":3100312773},"geometry":{"type":"Point","coordinates":[101.43762,3.14185]}},{"type":"Feature","properties":{"class":"neighbourhood","name":"Desa Pandan","osm_id":3114779711},"geometry":{"type":"Point","coordinates":[101.73807,3.14827]}},{"type":"Feature","properties":{"class":"neighbourhood","name":"Taman Permai 3","osm_id":3192028244},"geometry":{"type":"Point","coordinates":[101.93067,2.70699]}},{"type":"Feature","properties":{"class":"neighbourhood","name":"Taman Labu Jaya","osm_id":3200353986},"geometry":{"type":"Point","coordinates":[101.92931,2.72087]}},{"type":"Feature","properties":{"class":"neighbourhood","name":"Taman Permai","osm_id":3200359586},"geometry":{"type":"Point","coordinates":[101.92551,2.71438]}},{"type":"Feature","properties":{"class":"neighbourhood","name":"Taman Permai 2","osm_id":3200412615},"geometry":{"type":"Point","coordinates":[101.92797,2.71139]}},{"type":"Feature","properties":{"class":"neighbourhood","name":"Taman Sri Penaga Fasa 1","osm_id":3212363643},"geometry":{"type":"Point","coordinates":[101.96091,2.75522]}},{"type":"Feature","properties":{"class":"neighbourhood","name":"Taman Rimbun Kiara","osm_id":3229526421},"geometry":{"type":"Point","coordinates":[101.9089,2.7162]}},{"type":"Feature","properties":{"class":"suburb","name":"Mutiara Damansara","osm_id":3417217119},"geometry":{"type":"Point","coordinates":[101.6089,3.16012]}},{"type":"Feature","properties":{"class":"neighbourhood","name":"Kampung Sungai Penchala","osm_id":3442725839},"geometry":{"type":"Point","coordinates":[101.62608,3.16254]}},{"type":"Feature","properties":{"class":"neighbourhood","name":"Taman A.S.T.","osm_id":3663683634},"geometry":{"type":"Point","coordinates":[101.92975,2.72459]}},{"type":"Feature","properties":{"class":"neighbourhood","name":"Taman Rainbow","osm_id":3664989877},"geometry":{"type":"Point","coordinates":[101.68173,3.19488]}},{"type":"Feature","properties":{"class":"neighbourhood","name":"Taman Midah","osm_id":3665259267},"geometry":{"type":"Point","coordinates":[101.73197,3.10005]}},{"type":"Feature","properties":{"class":"neighbourhood","name":"Desa Bayumas","osm_id":3963978511},"geometry":{"type":"Point","coordinates":[101.48681,2.99899]}},{"type":"Feature","properties":{"class":"suburb","name":"Bandar Rimbayu","osm_id":3967740466},"geometry":{"type":"Point","coordinates":[101.54006,2.93239]}},{"type":"Feature","properties":{"class":"neighbourhood","name":"Taman Camellia","osm_id":3973163100},"geometry":{"type":"Point","coordinates":[101.49218,2.99564]}},{"type":"Feature","properties":{"class":"neighbourhood","name":"Seri Sentosa","osm_id":4074544531},"geometry":{"type":"Point","coordinates":[101.65835,3.0776]}},{"type":"Feature","properties":{"class":"suburb","name":"Sri Petaling","osm_id":4076094261},"geometry":{"type":"Point","coordinates":[101.69299,3.06795]}},{"type":"Feature","properties":{"class":"neighbourhood","name":"Taman United","osm_id":4076096801},"geometry":{"type":"Point","coordinates":[101.67619,3.0841]}},{"type":"Feature","properties":{"class":"neighbourhood","name":"Taman Goodwood","osm_id":4076096802},"geometry":{"type":"Point","coordinates":[101.67583,3.09005]}},{"type":"Feature","properties":{"class":"neighbourhood","name":"Taman Gembira","osm_id":4076096804},"geometry":{"type":"Point","coordinates":[101.68168,3.08419]}},{"type":"Feature","properties":{"class":"neighbourhood","name":"Taman Pagar Ruyong","osm_id":4076096805},"geometry":{"type":"Point","coordinates":[101.6824,3.09056]}},{"type":"Feature","properties":{"class":"neighbourhood","name":"Taman Continental","osm_id":4076096806},"geometry":{"type":"Point","coordinates":[101.68061,3.08944]}},{"type":"Feature","properties":{"class":"neighbourhood","name":"Taman Skyline","osm_id":4076139949},"geometry":{"type":"Point","coordinates":[101.67617,3.08751]}},{"type":"Feature","properties":{"class":"suburb","name":"Brickfields","osm_id":4079497801},"geometry":{"type":"Point","coordinates":[101.68455,3.12886]}},{"type":"Feature","properties":{"class":"neighbourhood","name":"Taman Sri Nanding","osm_id":4232914090},"geometry":{"type":"Point","coordinates":[101.80467,3.10096]}},{"type":"Feature","properties":{"class":"neighbourhood","name":"Desa Petaling","osm_id":4264465009},"geometry":{"type":"Point","coordinates":[101.70355,3.08419]}},{"type":"Feature","properties":{"class":"neighbourhood","name":"Taman Langat Murni","osm_id":4278117398},"geometry":{"type":"Point","coordinates":[101.66346,2.80241]}},{"type":"Feature","properties":{"class":"neighbourhood","name":"Taman D' Menara","osm_id":4278409689},"geometry":{"type":"Point","coordinates":[101.64016,2.81413]}},{"type":"Feature","properties":{"class":"neighbourhood","name":"Kampung Nakhoda","osm_id":4359745090},"geometry":{"type":"Point","coordinates":[101.67996,3.25048]}},{"type":"Feature","properties":{"class":"suburb","name":"Bukit Bintang","osm_id":4417670148},"geometry":{"type":"Point","coordinates":[101.7086,3.14711]}},{"type":"Feature","properties":{"class":"suburb","name":"Cheras","osm_id":4420035491},"geometry":{"type":"Point","coordinates":[101.73742,3.09919]}},{"type":"Feature","properties":{"class":"suburb","name":"Bangsar","osm_id":4420349189},"geometry":{"type":"Point","coordinates":[101.66944,3.13083]}},{"type":"Feature","properties":{"class":"neighbourhood","name":"Kampung Sungai Tua Baharu","osm_id":4441955419},"geometry":{"type":"Point","coordinates":[101.67523,3.25347]}},{"type":"Feature","properties":{"class":"suburb","name":"Kelana Jaya","osm_id":4442083591},"geometry":{"type":"Point","coordinates":[101.59674,3.1039]}},{"type":"Feature","properties":{"class":"neighbourhood","name":"Kampung Baru Batu Caves","osm_id":4442372786},"geometry":{"type":"Point","coordinates":[101.67592,3.2389]}},{"type":"Feature","properties":{"class":"neighbourhood","name":"Taman Putra Budiman","osm_id":4450199597},"geometry":{"type":"Point","coordinates":[101.73668,3.01118]}},{"type":"Feature","properties":{"class":"suburb","name":"Kundang","osm_id":4516682893},"geometry":{"type":"Point","coordinates":[101.51667,3.28333]}},{"type":"Feature","properties":{"class":"suburb","name":"Segambut","osm_id":4524539690},"geometry":{"type":"Point","coordinates":[101.66449,3.18715]}},{"type":"Feature","properties":{"class":"suburb","name":"Gohtong Jaya","osm_id":4556845855},"geometry":{"type":"Point","coordinates":[101.76959,3.3987]}},{"type":"Feature","properties":{"class":"neighbourhood","name":"Taman Sri Ukay","osm_id":4567761310},"geometry":{"type":"Point","coordinates":[101.76085,3.18058]}},{"type":"Feature","properties":{"class":"town","name":"Sungai Buloh","osm_id":4603332606},"geometry":{"type":"Point","coordinates":[101.55,3.21]}},{"type":"Feature","properties":{"class":"suburb","name":"Kampung Datuk Keramat","osm_id":4630792389},"geometry":{"type":"Point","coordinates":[101.72597,3.16895]}},{"type":"Feature","properties":{"class":"town","name":"Bukit Beruntung","osm_id":4662890034},"geometry":{"type":"Point","coordinates":[101.55671,3.42433]}},{"type":"Feature","properties":{"class":"suburb","name":"Setia Alam","osm_id":4688919489},"geometry":{"type":"Point","coordinates":[101.46214,3.10779]}},{"type":"Feature","properties":{"class":"suburb","name":"Bukit Sentosa","osm_id":4706665992},"geometry":{"type":"Point","coordinates":[101.55927,3.40296]}},{"type":"Feature","properties":{"class":"neighbourhood","name":"Kampung Bukit Changgang","osm_id":4714387765},"geometry":{"type":"Point","coordinates":[101.63211,2.82768]}},{"type":"Feature","properties":{"class":"suburb","name":"Sungai Way","osm_id":4715896523},"geometry":{"type":"Point","coordinates":[101.61311,3.08827]}},{"type":"Feature","properties":{"class":"neighbourhood","name":"Kampung Selangor Dredging","osm_id":4717546713},"geometry":{"type":"Point","coordinates":[101.63834,2.86273]}},{"type":"Feature","properties":{"class":"neighbourhood","name":"Taman Arked","osm_id":4717546735},"geometry":{"type":"Point","coordinates":[101.63573,2.8655]}},{"type":"Feature","properties":{"class":"neighbourhood","name":"Taman Intan","osm_id":4717546969},"geometry":{"type":"Point","coordinates":[101.67187,2.85887]}},{"type":"Feature","properties":{"class":"neighbourhood","name":"Taman Jed","osm_id":4717546970},"geometry":{"type":"Point","coordinates":[101.67043,2.86032]}},{"type":"Feature","properties":{"class":"suburb","name":"Seputeh","osm_id":4718266451},"geometry":{"type":"Point","coordinates":[101.6862,3.11676]}},{"type":"Feature","properties":{"class":"neighbourhood","name":"Taman Putra Fasa 2","osm_id":4719561269},"geometry":{"type":"Point","coordinates":[101.67418,2.86713]}},{"type":"Feature","properties":{"class":"neighbourhood","name":"Taman Emas","osm_id":4719562008},"geometry":{"type":"Point","coordinates":[101.67771,2.86672]}},{"type":"Feature","properties":{"class":"neighbourhood","name":"Taman Desa Dengkil","osm_id":4719562012},"geometry":{"type":"Point","coordinates":[101.67522,2.86652]}},{"type":"Feature","properties":{"class":"neighbourhood","name":"Taman Dengkil Jaya","osm_id":4719562064},"geometry":{"type":"Point","coordinates":[101.67054,2.87372]}},{"type":"Feature","properties":{"class":"neighbourhood","name":"Kampung Dato Ahmad Razali","osm_id":4719562093},"geometry":{"type":"Point","coordinates":[101.66876,2.88043]}},{"type":"Feature","properties":{"class":"neighbourhood","name":"Kampung Sri Tanjung","osm_id":4719933861},"geometry":{"type":"Point","coordinates":[101.68293,2.85303]}},{"type":"Feature","properties":{"class":"neighbourhood","name":"Taman Seri Delima","osm_id":4719933881},"geometry":{"type":"Point","coordinates":[101.68413,2.85467]}},{"type":"Feature","properties":{"class":"suburb","name":"Pantai Dalam","osm_id":4719934489},"geometry":{"type":"Point","coordinates":[101.6689,3.1016]}},{"type":"Feature","properties":{"class":"neighbourhood","name":"Taman Petaling Utama","osm_id":4721294765},"geometry":{"type":"Point","coordinates":[101.64666,3.07935]}},{"type":"Feature","properties":{"class":"neighbourhood","name":"Taman Medan","osm_id":4721294766},"geometry":{"type":"Point","coordinates":[101.63545,3.07434]}},{"type":"Feature","properties":{"class":"neighbourhood","name":"Taman Dato Harun","osm_id":4721294767},"geometry":{"type":"Point","coordinates":[101.63466,3.08112]}},{"type":"Feature","properties":{"class":"suburb","name":"PJ Old Town","osm_id":4723061921},"geometry":{"type":"Point","coordinates":[101.64654,3.08716]}},{"type":"Feature","properties":{"class":"suburb","name":"PJ State","osm_id":4723482992},"geometry":{"type":"Point","coordinates":[101.64464,3.1002]}},{"type":"Feature","properties":{"class":"suburb","name":"Antara Gapi","osm_id":4725102512},"geometry":{"type":"Point","coordinates":[101.63466,3.42328]}},{"type":"Feature","properties":{"class":"town","name":"Puncak Alam","osm_id":4725488689},"geometry":{"type":"Point","coordinates":[101.42584,3.23421]}},{"type":"Feature","properties":{"class":"village","name":"Pulau Carey","osm_id":4727251065},"geometry":{"type":"Point","coordinates":[101.36223,2.85659]}},{"type":"Feature","properties":{"class":"suburb","name":"Sijangkang","osm_id":4727686065},"geometry":{"type":"Point","coordinates":[101.45667,2.94337]}},{"type":"Feature","properties":{"class":"neighbourhood","name":"Taman Desa Wira","osm_id":4728985476},"geometry":{"type":"Point","coordinates":[101.47551,2.91646]}},{"type":"Feature","properties":{"class":"neighbourhood","name":"Taman Pasir Emas","osm_id":4750925543},"geometry":{"type":"Point","coordinates":[101.78527,2.98303]}},{"type":"Feature","properties":{"class":"neighbourhood","name":"Desa Bunga Raya","osm_id":4754535520},"geometry":{"type":"Point","coordinates":[101.78289,2.99011]}},{"type":"Feature","properties":{"class":"neighbourhood","name":"Taman Sepakat Indah 2","osm_id":4754961496},"geometry":{"type":"Point","coordinates":[101.78301,2.97439]}},{"type":"Feature","properties":{"class":"neighbourhood","name":"Taman Sepakat Indah 1","osm_id":4754961497},"geometry":{"type":"Point","coordinates":[101.78338,2.98125]}},{"type":"Feature","properties":{"class":"neighbourhood","name":"Taman Semarak","osm_id":4755587886},"geometry":{"type":"Point","coordinates":[101.77658,2.97825]}},{"type":"Feature","properties":{"class":"neighbourhood","name":"Taman Kajang Impian","osm_id":4755587975},"geometry":{"type":"Point","coordinates":[101.77018,2.97508]}},{"type":"Feature","properties":{"class":"neighbourhood","name":"Taman Putra Kajang","osm_id":4755587977},"geometry":{"type":"Point","coordinates":[101.77396,2.97746]}},{"type":"Feature","properties":{"class":"neighbourhood","name":"Taman Kajang Sentral","osm_id":4755588161},"geometry":{"type":"Point","coordinates":[101.79365,2.97762]}},{"type":"Feature","properties":{"class":"neighbourhood","name":"Taman Kajang Mewah","osm_id":4756643966},"geometry":{"type":"Point","coordinates":[101.77714,2.97477]}},{"type":"Feature","properties":{"class":"neighbourhood","name":"Taman Langat Utama","osm_id":4758915004},"geometry":{"type":"Point","coordinates":[101.65609,2.80108]}},{"type":"Feature","properties":{"class":"village","name":"Kampung RTB Bukit Changgang","osm_id":4758915009},"geometry":{"type":"Point","coordinates":[101.65614,2.80682]}},{"type":"Feature","properties":{"class":"village","name":"Kampung Janda Baik","osm_id":4763281611},"geometry":{"type":"Point","coordinates":[101.85763,3.33174]}},{"type":"Feature","properties":{"class":"neighbourhood","name":"Taman Kesumba","osm_id":4846631315},"geometry":{"type":"Point","coordinates":[101.59571,3.42988]}},{"type":"Feature","properties":{"class":"neighbourhood","name":"Taman Widuri","osm_id":4846631316},"geometry":{"type":"Point","coordinates":[101.58965,3.43498]}},{"type":"Feature","properties":{"class":"village","name":"Kampung Pulau Meranti","osm_id":4865976223},"geometry":{"type":"Point","coordinates":[101.63979,2.96966]}},{"type":"Feature","properties":{"class":"suburb","name":"Petaling Jaya Selatan","osm_id":4873402424},"geometry":{"type":"Point","coordinates":[101.62718,3.07671]}},{"type":"Feature","properties":{"class":"suburb","name":"Bandar Sunway","osm_id":4873402429},"geometry":{"type":"Point","coordinates":[101.60897,3.07138]}},{"type":"Feature","properties":{"class":"suburb","name":"Bukit Jalil","osm_id":4873402430},"geometry":{"type":"Point","coordinates":[101.68029,3.05335]}},{"type":"Feature","properties":{"class":"suburb","name":"Rasah","osm_id":4879584412},"geometry":{"type":"Point","coordinates":[101.93621,2.70883]}},{"type":"Feature","properties":{"class":"neighbourhood","name":"Bukit Tembok","osm_id":4881017058},"geometry":{"type":"Point","coordinates":[101.93508,2.71765]}},{"type":"Feature","properties":{"class":"neighbourhood","name":"Bukit Rasah","osm_id":4881017231},"geometry":{"type":"Point","coordinates":[101.94712,2.71021]}},{"type":"Feature","properties":{"class":"town","name":"Jenjarom","osm_id":4881064921},"geometry":{"type":"Point","coordinates":[101.49884,2.8766]}},{"type":"Feature","properties":{"class":"suburb","name":"Temiang","osm_id":4882048356},"geometry":{"type":"Point","coordinates":[101.93838,2.7359]}},{"type":"Feature","properties":{"class":"neighbourhood","name":"Taman Chip Aik","osm_id":4882048364},"geometry":{"type":"Point","coordinates":[101.92254,2.74636]}},{"type":"Feature","properties":{"class":"neighbourhood","name":"Bukit Desa","osm_id":4882048379},"geometry":{"type":"Point","coordinates":[101.92304,2.7531]}},{"type":"Feature","properties":{"class":"neighbourhood","name":"Taman Bukit Mika 2","osm_id":4882417108},"geometry":{"type":"Point","coordinates":[101.91638,2.74578]}},{"type":"Feature","properties":{"class":"suburb","name":"Lobak","osm_id":4882418174},"geometry":{"type":"Point","coordinates":[101.92823,2.72885]}},{"type":"Feature","properties":{"class":"neighbourhood","name":"Taman Bukit Kristal","osm_id":4882559791},"geometry":{"type":"Point","coordinates":[101.89869,2.74264]}},{"type":"Feature","properties":{"class":"neighbourhood","name":"Taman Sri Pulasan","osm_id":4882559792},"geometry":{"type":"Point","coordinates":[101.89337,2.75036]}},{"type":"Feature","properties":{"class":"neighbourhood","name":"Taman Bukit Mutiara","osm_id":4884708760},"geometry":{"type":"Point","coordinates":[101.92851,2.76205]}},{"type":"Feature","properties":{"class":"neighbourhood","name":"Kampung Bukit Temiang","osm_id":4884709006},"geometry":{"type":"Point","coordinates":[101.9434,2.74094]}},{"type":"Feature","properties":{"class":"neighbourhood","name":"Taman Kinrara","osm_id":4886799217},"geometry":{"type":"Point","coordinates":[101.63961,3.0643]}},{"type":"Feature","properties":{"class":"suburb","name":"Bukit Tandang","osm_id":4886953621},"geometry":{"type":"Point","coordinates":[101.62379,3.06942]}},{"type":"Feature","properties":{"class":"suburb","name":"Taman OUG","osm_id":4892687180},"geometry":{"type":"Point","coordinates":[101.67161,3.07388]}},{"type":"Feature","properties":{"class":"suburb","name":"Kuchai Lama","osm_id":4892687253},"geometry":{"type":"Point","coordinates":[101.68468,3.08944]}},{"type":"Feature","properties":{"class":"suburb","name":"Bukit Changgang","osm_id":4893058347},"geometry":{"type":"Point","coordinates":[101.63939,2.81247]}},{"type":"Feature","properties":{"class":"village","name":"Kampung Olak Lempit","osm_id":4893058399},"geometry":{"type":"Point","coordinates":[101.59281,2.83494]}},{"type":"Feature","properties":{"class":"neighbourhood","name":"Taman U-Thant","osm_id":4897613832},"geometry":{"type":"Point","coordinates":[101.72982,3.1565]}},{"type":"Feature","properties":{"class":"neighbourhood","name":"Saujana Rawang","osm_id":4907687222},"geometry":{"type":"Point","coordinates":[101.51442,3.33781]}},{"type":"Feature","properties":{"class":"village","name":"Teluk Gong","osm_id":4914642021},"geometry":{"type":"Point","coordinates":[101.37691,2.94147]}},{"type":"Feature","properties":{"class":"neighbourhood","name":"Taman Jenderam Permai","osm_id":4921568931},"geometry":{"type":"Point","coordinates":[101.72942,2.88541]}},{"type":"Feature","properties":{"class":"suburb","name":"Teluk Pulai","osm_id":4930724715},"geometry":{"type":"Point","coordinates":[101.43242,3.04083]}},{"type":"Feature","properties":{"class":"suburb","name":"Bandar Tun Hussein Onn","osm_id":4931155106},"geometry":{"type":"Point","coordinates":[101.75899,3.0457]}},{"type":"Feature","properties":{"class":"neighbourhood","name":"Kampung Budiman","osm_id":4954583958},"geometry":{"type":"Point","coordinates":[101.46669,3.15531]}},{"type":"Feature","properties":{"class":"neighbourhood","name":"Bukit Petaling","osm_id":4971348845},"geometry":{"type":"Point","coordinates":[101.69638,3.13008]}},{"type":"Feature","properties":{"class":"neighbourhood","name":"Taman Teluk Gedung Indah","osm_id":4977925253},"geometry":{"type":"Point","coordinates":[101.40287,2.98273]}},{"type":"Feature","properties":{"class":"suburb","name":"Bandar Sultan Suleiman","osm_id":4980757179},"geometry":{"type":"Point","coordinates":[101.37935,3.03121]}},{"type":"Feature","properties":{"class":"neighbourhood","name":"Kampung Rantau Panjang","osm_id":4983360789},"geometry":{"type":"Point","coordinates":[101.41816,3.06362]}},{"type":"Feature","properties":{"class":"neighbourhood","name":"Razak Mansion","osm_id":5092619916},"geometry":{"type":"Point","coordinates":[101.70636,3.11084]}},{"type":"Feature","properties":{"class":"village","name":"Genting Sempah","osm_id":5215217191},"geometry":{"type":"Point","coordinates":[101.79067,3.35053]}},{"type":"Feature","properties":{"class":"neighbourhood","name":"Batu 18 Hulu Langat","osm_id":5232594621},"geometry":{"type":"Point","coordinates":[101.8475,3.16402]}},{"type":"Feature","properties":{"class":"neighbourhood","name":"Desa Anggerik","osm_id":5263448952},"geometry":{"type":"Point","coordinates":[101.61668,3.35959]}},{"type":"Feature","properties":{"class":"neighbourhood","name":"Desa Melor","osm_id":5263448953},"geometry":{"type":"Point","coordinates":[101.62669,3.36011]}},{"type":"Feature","properties":{"class":"neighbourhood","name":"Taman Anggun","osm_id":5263578536},"geometry":{"type":"Point","coordinates":[101.5388,3.31499]}},{"type":"Feature","properties":{"class":"neighbourhood","name":"Taman Anggun 2","osm_id":5263578557},"geometry":{"type":"Point","coordinates":[101.53452,3.31982]}},{"type":"Feature","properties":{"class":"suburb","name":"Bandar Saujana Utama","osm_id":5263580022},"geometry":{"type":"Point","coordinates":[101.48028,3.20632]}},{"type":"Feature","properties":{"class":"neighbourhood","name":"Subang Perdana","osm_id":5264435662},"geometry":{"type":"Point","coordinates":[101.54365,3.15195]}},{"type":"Feature","properties":{"class":"neighbourhood","name":"Vista Mutiara Bukit Sg Long","osm_id":5276532126},"geometry":{"type":"Point","coordinates":[101.80497,3.03405]}},{"type":"Feature","properties":{"class":"neighbourhood","name":"Wira Heights Sg Long","osm_id":5276532127},"geometry":{"type":"Point","coordinates":[101.80719,3.03619]}},{"type":"Feature","properties":{"class":"neighbourhood","name":"PJ Perdana","osm_id":5278338885},"geometry":{"type":"Point","coordinates":[101.98903,2.73398]}},{"type":"Feature","properties":{"class":"neighbourhood","name":"Taman Paroi Jaya","osm_id":5278338886},"geometry":{"type":"Point","coordinates":[101.98642,2.72801]}},{"type":"Feature","properties":{"class":"neighbourhood","name":"Gedong Lalang 162","osm_id":5278338887},"geometry":{"type":"Point","coordinates":[101.97272,2.72523]}},{"type":"Feature","properties":{"class":"neighbourhood","name":"Taman Bukti Setia","osm_id":5278338888},"geometry":{"type":"Point","coordinates":[101.97598,2.72096]}},{"type":"Feature","properties":{"class":"neighbourhood","name":"Taman Bukti","osm_id":5278338889},"geometry":{"type":"Point","coordinates":[101.97427,2.71747]}},{"type":"Feature","properties":{"class":"neighbourhood","name":"Taman Dato Shahbandar","osm_id":5278338890},"geometry":{"type":"Point","coordinates":[101.96541,2.7191]}},{"type":"Feature","properties":{"class":"neighbourhood","name":"Taman Sakura","osm_id":5278338891},"geometry":{"type":"Point","coordinates":[101.96315,2.71701]}},{"type":"Feature","properties":{"class":"neighbourhood","name":"Taman Dusun Setia","osm_id":5278338892},"geometry":{"type":"Point","coordinates":[101.9631,2.71484]}},{"type":"Feature","properties":{"class":"neighbourhood","name":"Kampung Blok C","osm_id":5278410892},"geometry":{"type":"Point","coordinates":[101.96229,2.72067]}},{"type":"Feature","properties":{"class":"neighbourhood","name":"Taman Bidara","osm_id":5278410893},"geometry":{"type":"Point","coordinates":[101.95999,2.71063]}},{"type":"Feature","properties":{"class":"neighbourhood","name":"Kampung Sekolah","osm_id":5278410895},"geometry":{"type":"Point","coordinates":[101.96605,2.72442]}},{"type":"Feature","properties":{"class":"neighbourhood","name":"Kampung Ismail","osm_id":5278410896},"geometry":{"type":"Point","coordinates":[101.96425,2.72859]}},{"type":"Feature","properties":{"class":"neighbourhood","name":"Taman Dusun Nyior","osm_id":5278486838},"geometry":{"type":"Point","coordinates":[101.96022,2.71674]}},{"type":"Feature","properties":{"class":"neighbourhood","name":"Taman Golf Heights","osm_id":5284370168},"geometry":{"type":"Point","coordinates":[101.97467,2.72912]}},{"type":"Feature","properties":{"class":"neighbourhood","name":"Taman Pinggiran Golf","osm_id":5284370169},"geometry":{"type":"Point","coordinates":[101.98108,2.73033]}},{"type":"Feature","properties":{"class":"neighbourhood","name":"Gedung Lalang 50","osm_id":5284373988},"geometry":{"type":"Point","coordinates":[101.97114,2.73017]}},{"type":"Feature","properties":{"class":"neighbourhood","name":"Taman Desa Ros","osm_id":5284432325},"geometry":{"type":"Point","coordinates":[101.9761,2.71341]}},{"type":"Feature","properties":{"class":"neighbourhood","name":"Taman Tasik Jaya","osm_id":5284432327},"geometry":{"type":"Point","coordinates":[101.99729,2.71569]}},{"type":"Feature","properties":{"class":"neighbourhood","name":"Taman Panchor Jaya","osm_id":5284432328},"geometry":{"type":"Point","coordinates":[101.99678,2.73389]}},{"type":"Feature","properties":{"class":"neighbourhood","name":"Taman Cengal Utama","osm_id":5284432329},"geometry":{"type":"Point","coordinates":[101.99396,2.72447]}},{"type":"Feature","properties":{"class":"neighbourhood","name":"Taman Bukit Ampangan","osm_id":5284432330},"geometry":{"type":"Point","coordinates":[101.99712,2.72717]}},{"type":"Feature","properties":{"class":"neighbourhood","name":"Matahari Heights","osm_id":5284432361},"geometry":{"type":"Point","coordinates":[101.99117,2.70884]}},{"type":"Feature","properties":{"class":"neighbourhood","name":"Taman Seri Pagi","osm_id":5284432362},"geometry":{"type":"Point","coordinates":[101.98637,2.70772]}},{"type":"Feature","properties":{"class":"neighbourhood","name":"Taman Ros Mewah","osm_id":5284432363},"geometry":{"type":"Point","coordinates":[101.98165,2.70877]}},{"type":"Feature","properties":{"class":"neighbourhood","name":"Taman Desa Orkid","osm_id":5284432364},"geometry":{"type":"Point","coordinates":[101.98573,2.71307]}},{"type":"Feature","properties":{"class":"neighbourhood","name":"Taman Sri Penaga 2","osm_id":5364644717},"geometry":{"type":"Point","coordinates":[101.95774,2.7532]}},{"type":"Feature","properties":{"class":"neighbourhood","name":"Kampung Kerinchi","osm_id":5406867451},"geometry":{"type":"Point","coordinates":[101.66673,3.11297]}},{"type":"Feature","properties":{"class":"suburb","name":"IOI Resort City","osm_id":5409466739},"geometry":{"type":"Point","coordinates":[101.71579,2.96724]}},{"type":"Feature","properties":{"class":"village","name":"Kampung Desa Sentosa","osm_id":5441487021},"geometry":{"type":"Point","coordinates":[101.83524,3.14023]}},{"type":"Feature","properties":{"class":"suburb","name":"Bandar Kinrara","osm_id":5447926713},"geometry":{"type":"Point","coordinates":[101.64629,3.04597]}},{"type":"Feature","properties":{"class":"suburb","name":"Kajang 2","osm_id":5464990521},"geometry":{"type":"Point","coordinates":[101.79657,2.9652]}},{"type":"Feature","properties":{"class":"suburb","name":"Bandar Baru Nilai","osm_id":5466929046},"geometry":{"type":"Point","coordinates":[101.7856,2.8154]}},{"type":"Feature","properties":{"class":"suburb","name":"Bukit Antarabangsa","osm_id":5469342584},"geometry":{"type":"Point","coordinates":[101.77083,3.18538]}},{"type":"Feature","properties":{"class":"suburb","name":"Ukay Perdana","osm_id":5469342585},"geometry":{"type":"Point","coordinates":[101.77733,3.20661]}},{"type":"Feature","properties":{"class":"town","name":"Hulu Kelang","osm_id":5469342586},"geometry":{"type":"Point","coordinates":[101.76085,3.20993]}},{"type":"Feature","properties":{"class":"neighbourhood","name":"Taman Pinggiran Delima","osm_id":5471969921},"geometry":{"type":"Point","coordinates":[101.80928,3.1222]}},{"type":"Feature","properties":{"class":"suburb","name":"Sikamat","osm_id":5473792411},"geometry":{"type":"Point","coordinates":[101.96702,2.74601]}},{"type":"Feature","properties":{"class":"village","name":"Pantai","osm_id":5473792413},"geometry":{"type":"Point","coordinates":[101.99316,2.78152]}},{"type":"Feature","properties":{"class":"neighbourhood","name":"D'Island","osm_id":5491227022},"geometry":{"type":"Point","coordinates":[101.60274,2.95833]}},{"type":"Feature","properties":{"class":"suburb","name":"Taman Putra Perdana","osm_id":5491232723},"geometry":{"type":"Point","coordinates":[101.61499,2.94474]}},{"type":"Feature","properties":{"class":"neighbourhood","name":"Ambrosia","osm_id":5526758321},"geometry":{"type":"Point","coordinates":[101.67042,3.02408]}},{"type":"Feature","properties":{"class":"suburb","name":"Bandar Bukit Puchong","osm_id":5532450346},"geometry":{"type":"Point","coordinates":[101.62602,2.98491]}},{"type":"Feature","properties":{"class":"neighbourhood","name":"Kajang Perdana","osm_id":5552872580},"geometry":{"type":"Point","coordinates":[101.81658,2.99202]}},{"type":"Feature","properties":{"class":"suburb","name":"Bandar Sentosa","osm_id":5643245805},"geometry":{"type":"Point","coordinates":[101.46758,3.00922]}},{"type":"Feature","properties":{"class":"neighbourhood","name":"Taman Saujana 3","osm_id":5653055324},"geometry":{"type":"Point","coordinates":[101.4636,3.01287]}},{"type":"Feature","properties":{"class":"neighbourhood","name":"Taman Bayu Perdana","osm_id":5668973682},"geometry":{"type":"Point","coordinates":[101.43582,3.01696]}},{"type":"Feature","properties":{"class":"suburb","name":"Pandamaran","osm_id":5668973700},"geometry":{"type":"Point","coordinates":[101.41638,3.00921]}},{"type":"Feature","properties":{"class":"neighbourhood","name":"Taman Chi Liung","osm_id":5682339463},"geometry":{"type":"Point","coordinates":[101.43391,3.02274]}},{"type":"Feature","properties":{"class":"neighbourhood","name":"Taman Gembira","osm_id":5682339486},"geometry":{"type":"Point","coordinates":[101.42798,3.03015]}},{"type":"Feature","properties":{"class":"neighbourhood","name":"Taman Eng Ann","osm_id":5682339487},"geometry":{"type":"Point","coordinates":[101.46001,3.05824]}},{"type":"Feature","properties":{"class":"village","name":"Sungai Choh","osm_id":5687138239},"geometry":{"type":"Point","coordinates":[101.59045,3.34685]}},{"type":"Feature","properties":{"class":"neighbourhood","name":"Taman Naga Emas","osm_id":5694530541},"geometry":{"type":"Point","coordinates":[101.69736,3.07832]}},{"type":"Feature","properties":{"class":"neighbourhood","name":"Taman Kaya","osm_id":5733559297},"geometry":{"type":"Point","coordinates":[101.68504,3.19057]}},{"type":"Feature","properties":{"class":"neighbourhood","name":"Emville Golf Resort","osm_id":5744928101},"geometry":{"type":"Point","coordinates":[101.76027,2.86523]}},{"type":"Feature","properties":{"class":"neighbourhood","name":"Kampung Sungai Kandis","osm_id":5773771111},"geometry":{"type":"Point","coordinates":[101.48842,3.03246]}},{"type":"Feature","properties":{"class":"suburb","name":"Bandar Puchong Utama","osm_id":5788872530},"geometry":{"type":"Point","coordinates":[101.61223,2.9885]}},{"type":"Feature","properties":{"class":"suburb","name":"Puchong Perdana","osm_id":5788872531},"geometry":{"type":"Point","coordinates":[101.60442,3.00636]}},{"type":"Feature","properties":{"class":"neighbourhood","name":"Serdang Jaya","osm_id":5788872532},"geometry":{"type":"Point","coordinates":[101.70665,3.01563]}},{"type":"Feature","properties":{"class":"suburb","name":"Seri Serdang","osm_id":5788872533},"geometry":{"type":"Point","coordinates":[101.71518,3.00743]}},{"type":"Feature","properties":{"class":"town","name":"Seri Kembangan","osm_id":5789047119},"geometry":{"type":"Point","coordinates":[101.70557,3.03406]}},{"type":"Feature","properties":{"class":"neighbourhood","name":"Kampung Tanjung Syawal","osm_id":5793274196},"geometry":{"type":"Point","coordinates":[101.42805,3.05921]}},{"type":"Feature","properties":{"class":"neighbourhood","name":"Taman Klang Jaya","osm_id":5808826087},"geometry":{"type":"Point","coordinates":[101.446,3.00534]}},{"type":"Feature","properties":{"class":"neighbourhood","name":"Taman Jinma","osm_id":5809103080},"geometry":{"type":"Point","coordinates":[101.70095,3.01735]}},{"type":"Feature","properties":{"class":"neighbourhood","name":"Taman Ria","osm_id":5858768533},"geometry":{"type":"Point","coordinates":[101.50029,2.87584]}},{"type":"Feature","properties":{"class":"neighbourhood","name":"Taman Ros","osm_id":5860726677},"geometry":{"type":"Point","coordinates":[101.47021,3.04936]}},{"type":"Feature","properties":{"class":"neighbourhood","name":"Kampung Tok Dagang","osm_id":5860829162},"geometry":{"type":"Point","coordinates":[101.99126,2.72669]}},{"type":"Feature","properties":{"class":"neighbourhood","name":"Taman Desawan","osm_id":5863258295},"geometry":{"type":"Point","coordinates":[101.44888,3.00166]}},{"type":"Feature","properties":{"class":"neighbourhood","name":"Taman Jaya Utama","osm_id":5863258354},"geometry":{"type":"Point","coordinates":[101.47088,2.90875]}},{"type":"Feature","properties":{"class":"neighbourhood","name":"Kampung Pasir","osm_id":5873222061},"geometry":{"type":"Point","coordinates":[101.94422,2.70054]}},{"type":"Feature","properties":{"class":"neighbourhood","name":"Bandar Bestari","osm_id":6036627673},"geometry":{"type":"Point","coordinates":[101.4597,2.95701]}},{"type":"Feature","properties":{"class":"suburb","name":"Berjaya Hills Resort","osm_id":6149818229},"geometry":{"type":"Point","coordinates":[101.83973,3.40204]}},{"type":"Feature","properties":{"class":"neighbourhood","name":"Taman Jasa Utama","osm_id":6169643685},"geometry":{"type":"Point","coordinates":[101.68066,3.2721]}},{"type":"Feature","properties":{"class":"neighbourhood","name":"Taman Tasik Semenyih","osm_id":6219817667},"geometry":{"type":"Point","coordinates":[101.87193,2.94944]}},{"type":"Feature","properties":{"class":"village","name":"Kampung Baru Pantai","osm_id":6296974303},"geometry":{"type":"Point","coordinates":[101.99695,2.7873]}},{"type":"Feature","properties":{"class":"neighbourhood","name":"Puncak Perdana","osm_id":6364951356},"geometry":{"type":"Point","coordinates":[101.49501,3.13197]}},{"type":"Feature","properties":{"class":"neighbourhood","name":"Bukit Prima Pelangi","osm_id":6431096999},"geometry":{"type":"Point","coordinates":[101.64602,3.17725]}},{"type":"Feature","properties":{"class":"neighbourhood","name":"D Impian Tropika 2","osm_id":6441543485},"geometry":{"type":"Point","coordinates":[101.7507,3.01663]}},{"type":"Feature","properties":{"class":"neighbourhood","name":"Taman Amaniah","osm_id":6445514996},"geometry":{"type":"Point","coordinates":[101.6756,3.23748]}},{"type":"Feature","properties":{"class":"neighbourhood","name":"Taman Sekamat Indah","osm_id":6565441520},"geometry":{"type":"Point","coordinates":[101.7773,3.02214]}},{"type":"Feature","properties":{"class":"neighbourhood","name":"Desa Sentosa","osm_id":6568104703},"geometry":{"type":"Point","coordinates":[101.75189,2.9155]}},{"type":"Feature","properties":{"class":"neighbourhood","name":"Taman Sentosa Mekar","osm_id":6568104704},"geometry":{"type":"Point","coordinates":[101.75092,2.91685]}},{"type":"Feature","properties":{"class":"neighbourhood","name":"Taman Kristal","osm_id":6596050936},"geometry":{"type":"Point","coordinates":[101.67441,2.86622]}},{"type":"Feature","properties":{"class":"neighbourhood","name":"Taman Sri Dengkil","osm_id":6596050973},"geometry":{"type":"Point","coordinates":[101.67363,2.8675]}},{"type":"Feature","properties":{"class":"neighbourhood","name":"Taman Dagang Jaya","osm_id":6600458934},"geometry":{"type":"Point","coordinates":[101.77989,3.13283]}},{"type":"Feature","properties":{"class":"neighbourhood","name":"Sungai Ramal Baru","osm_id":6600458935},"geometry":{"type":"Point","coordinates":[101.76725,2.98503]}},{"type":"Feature","properties":{"class":"neighbourhood","name":"Kampung Jenderam Hulu","osm_id":6605246369},"geometry":{"type":"Point","coordinates":[101.73015,2.8688]}},{"type":"Feature","properties":{"class":"neighbourhood","name":"Kampung Baru Seri Dengkil","osm_id":6613512674},"geometry":{"type":"Point","coordinates":[101.68071,2.85938]}},{"type":"Feature","properties":{"class":"neighbourhood","name":"Residensi SIGC","osm_id":6691122521},"geometry":{"type":"Point","coordinates":[101.98429,2.73545]}},{"type":"Feature","properties":{"class":"neighbourhood","name":"Taman Perwira","osm_id":6698567400},"geometry":{"type":"Point","coordinates":[101.71531,3.2236]}},{"type":"Feature","properties":{"class":"neighbourhood","name":"Taman Salak Selatan","osm_id":6698567421},"geometry":{"type":"Point","coordinates":[101.69554,3.08244]}},{"type":"Feature","properties":{"class":"suburb","name":"Ara Damansara","osm_id":6702910124},"geometry":{"type":"Point","coordinates":[101.58032,3.11401]}},{"type":"Feature","properties":{"class":"neighbourhood","name":"Taman Seri Keramat","osm_id":6753534308},"geometry":{"type":"Point","coordinates":[101.74882,3.1722]}},{"type":"Feature","properties":{"class":"village","name":"Kampung Pantai","osm_id":6761087084},"geometry":{"type":"Point","coordinates":[101.99308,2.80972]}},{"type":"Feature","properties":{"class":"neighbourhood","name":"Taman Ampang Hilir","osm_id":6768678317},"geometry":{"type":"Point","coordinates":[101.74948,3.1496]}},{"type":"Feature","properties":{"class":"neighbourhood","name":"Taman Desa Keramat AU2C","osm_id":6771487189},"geometry":{"type":"Point","coordinates":[101.75354,3.17788]}},{"type":"Feature","properties":{"class":"suburb","name":"Eco Sanctuary","osm_id":6781955140},"geometry":{"type":"Point","coordinates":[101.53474,2.94072]}},{"type":"Feature","properties":{"class":"suburb","name":"Tropicana Aman","osm_id":6781955141},"geometry":{"type":"Point","coordinates":[101.53216,2.94484]}},{"type":"Feature","properties":{"class":"neighbourhood","name":"Taman Sri Watan","osm_id":6796287024},"geometry":{"type":"Point","coordinates":[101.77254,3.13857]}},{"type":"Feature","properties":{"class":"suburb","name":"Kampung Pandan","osm_id":6796287033},"geometry":{"type":"Point","coordinates":[101.73473,3.14084]}},{"type":"Feature","properties":{"class":"neighbourhood","name":"Kampung Perwira Jaya","osm_id":6796287039},"geometry":{"type":"Point","coordinates":[101.74306,3.14982]}},{"type":"Feature","properties":{"class":"neighbourhood","name":"Taman Ukay Bistari","osm_id":6796287124},"geometry":{"type":"Point","coordinates":[101.7662,3.19989]}},{"type":"Feature","properties":{"class":"neighbourhood","name":"Taman Zooview","osm_id":6796287125},"geometry":{"type":"Point","coordinates":[101.76186,3.20565]}},{"type":"Feature","properties":{"class":"neighbourhood","name":"Kemensah Heights","osm_id":6796287126},"geometry":{"type":"Point","coordinates":[101.76235,3.21283]}},{"type":"Feature","properties":{"class":"neighbourhood","name":"Taman Permata","osm_id":6853071084},"geometry":{"type":"Point","coordinates":[101.74993,3.20751]}},{"type":"Feature","properties":{"class":"neighbourhood","name":"Taman Mas 1","osm_id":6905736092},"geometry":{"type":"Point","coordinates":[101.77298,3.07008]}},{"type":"Feature","properties":{"class":"neighbourhood","name":"Taman Mas 2","osm_id":6905736093},"geometry":{"type":"Point","coordinates":[101.77359,3.07139]}},{"type":"Feature","properties":{"class":"neighbourhood","name":"Taman Cheras Intan","osm_id":6905736187},"geometry":{"type":"Point","coordinates":[101.77684,3.0708]}},{"type":"Feature","properties":{"class":"neighbourhood","name":"Taman Orkid","osm_id":6920263896},"geometry":{"type":"Point","coordinates":[101.75323,2.80806]}},{"type":"Feature","properties":{"class":"suburb","name":"Bandar Bukit Raja","osm_id":6920264020},"geometry":{"type":"Point","coordinates":[101.4377,3.0852]}},{"type":"Feature","properties":{"class":"neighbourhood","name":"Taman Sri Sinar","osm_id":6967390300},"geometry":{"type":"Point","coordinates":[101.64973,3.18792]}},{"type":"Feature","properties":{"class":"neighbourhood","name":"Taman Hijau","osm_id":6994372759},"geometry":{"type":"Point","coordinates":[101.78903,2.98038]}},{"type":"Feature","properties":{"class":"neighbourhood","name":"Taman Koperasi Cuepacs","osm_id":6994372782},"geometry":{"type":"Point","coordinates":[101.77454,3.0276]}},{"type":"Feature","properties":{"class":"neighbourhood","name":"Taman Pandan Jaya","osm_id":6994381586},"geometry":{"type":"Point","coordinates":[101.74343,3.13608]}},{"type":"Feature","properties":{"class":"suburb","name":"Mont Kiara","osm_id":7006077450},"geometry":{"type":"Point","coordinates":[101.65215,3.17]}},{"type":"Feature","properties":{"class":"neighbourhood","name":"Kampung Batu 13","osm_id":7119574566},"geometry":{"type":"Point","coordinates":[101.77612,3.01557]}},{"type":"Feature","properties":{"class":"neighbourhood","name":"Taman Bidara","osm_id":7202855083},"geometry":{"type":"Point","coordinates":[101.64315,3.24243]}},{"type":"Feature","properties":{"class":"neighbourhood","name":"Kementah","osm_id":7208020733},"geometry":{"type":"Point","coordinates":[101.72851,3.17744]}},{"type":"Feature","properties":{"class":"neighbourhood","name":"Bukit Ampang Permai","osm_id":7210743166},"geometry":{"type":"Point","coordinates":[101.78389,3.12206]}},{"type":"Feature","properties":{"class":"neighbourhood","name":"Kampung Rantau Panjang","osm_id":7222738822},"geometry":{"type":"Point","coordinates":[101.81851,3.11315]}},{"type":"Feature","properties":{"class":"neighbourhood","name":"Taman Nusa Idaman","osm_id":7230375808},"geometry":{"type":"Point","coordinates":[101.72962,2.90059]}},{"type":"Feature","properties":{"class":"neighbourhood","name":"Taman Desa Muhibbah","osm_id":7236476442},"geometry":{"type":"Point","coordinates":[101.77791,3.01733]}},{"type":"Feature","properties":{"class":"neighbourhood","name":"Taman Kejora","osm_id":7236480229},"geometry":{"type":"Point","coordinates":[101.78351,2.97637]}},{"type":"Feature","properties":{"class":"neighbourhood","name":"Taman Sri Reko","osm_id":7242234739},"geometry":{"type":"Point","coordinates":[101.78822,2.97928]}},{"type":"Feature","properties":{"class":"neighbourhood","name":"Taman Reko Jaya","osm_id":7242234755},"geometry":{"type":"Point","coordinates":[101.78923,2.97821]}},{"type":"Feature","properties":{"class":"neighbourhood","name":"Taman Bukit","osm_id":7242234765},"geometry":{"type":"Point","coordinates":[101.79296,2.98133]}},{"type":"Feature","properties":{"class":"city","name":"Sepang","osm_id":7245983668},"geometry":{"type":"Point","coordinates":[101.7094,2.80086]}},{"type":"Feature","properties":{"class":"neighbourhood","name":"Taman Ramal","osm_id":7265901238},"geometry":{"type":"Point","coordinates":[101.75736,2.98259]}},{"type":"Feature","properties":{"class":"neighbourhood","name":"Taman Kajang Indah","osm_id":7321255857},"geometry":{"type":"Point","coordinates":[101.77879,2.98361]}},{"type":"Feature","properties":{"class":"neighbourhood","name":"Taman Rakan","osm_id":7411186703},"geometry":{"type":"Point","coordinates":[101.78296,3.03429]}},{"type":"Feature","properties":{"class":"village","name":"Kampung Kuala Pajam","osm_id":7415155223},"geometry":{"type":"Point","coordinates":[101.84224,2.87503]}},{"type":"Feature","properties":{"class":"neighbourhood","name":"Bayu Lakehomes","osm_id":7415525079},"geometry":{"type":"Point","coordinates":[101.86763,2.85579]}},{"type":"Feature","properties":{"class":"neighbourhood","name":"Taman Akasia","osm_id":7415525124},"geometry":{"type":"Point","coordinates":[101.88672,2.82628]}},{"type":"Feature","properties":{"class":"neighbourhood","name":"Taman Tong Seng","osm_id":7415525125},"geometry":{"type":"Point","coordinates":[101.88783,2.8283]}},{"type":"Feature","properties":{"class":"neighbourhood","name":"Taman Sentosa","osm_id":7415525126},"geometry":{"type":"Point","coordinates":[101.88792,2.82965]}},{"type":"Feature","properties":{"class":"neighbourhood","name":"Taman Bunga Raya Fasa 3","osm_id":7415525199},"geometry":{"type":"Point","coordinates":[101.90661,2.81889]}},{"type":"Feature","properties":{"class":"neighbourhood","name":"Taman Mantin","osm_id":7415525200},"geometry":{"type":"Point","coordinates":[101.90343,2.8172]}},{"type":"Feature","properties":{"class":"neighbourhood","name":"Taman Bukit Mantin / Taman Sr Mawar","osm_id":7415525201},"geometry":{"type":"Point","coordinates":[101.90441,2.82101]}},{"type":"Feature","properties":{"class":"neighbourhood","name":"Taman Bunga Raya","osm_id":7415525202},"geometry":{"type":"Point","coordinates":[101.90373,2.81883]}},{"type":"Feature","properties":{"class":"neighbourhood","name":"Taman Baiduri","osm_id":7415796278},"geometry":{"type":"Point","coordinates":[101.92195,2.72766]}},{"type":"Feature","properties":{"class":"neighbourhood","name":"Taman Kok Lian","osm_id":7417983680},"geometry":{"type":"Point","coordinates":[101.67476,3.20107]}},{"type":"Feature","properties":{"class":"neighbourhood","name":"Taman Million","osm_id":7417983683},"geometry":{"type":"Point","coordinates":[101.6836,3.18204]}},{"type":"Feature","properties":{"class":"neighbourhood","name":"Taman Eastern","osm_id":7417983684},"geometry":{"type":"Point","coordinates":[101.68031,3.19784]}},{"type":"Feature","properties":{"class":"neighbourhood","name":"Timur @ Enstek","osm_id":7427777942},"geometry":{"type":"Point","coordinates":[101.7678,2.75525]}},{"type":"Feature","properties":{"class":"neighbourhood","name":"Timur 1@ Enstek","osm_id":7427777943},"geometry":{"type":"Point","coordinates":[101.76683,2.76141]}},{"type":"Feature","properties":{"class":"neighbourhood","name":"Taman Baiduri","osm_id":7428358492},"geometry":{"type":"Point","coordinates":[101.49166,2.8007]}},{"type":"Feature","properties":{"class":"neighbourhood","name":"Taman Desa Mahkota","osm_id":7432210655},"geometry":{"type":"Point","coordinates":[101.79938,2.89457]}},{"type":"Feature","properties":{"class":"neighbourhood","name":"Serene Heights","osm_id":7436450671},"geometry":{"type":"Point","coordinates":[101.81508,2.92135]}},{"type":"Feature","properties":{"class":"neighbourhood","name":"Taman Desa Permai","osm_id":7575369498},"geometry":{"type":"Point","coordinates":[101.96961,2.74241]}},{"type":"Feature","properties":{"class":"neighbourhood","name":"Taman Gombak Jaya","osm_id":7653475596},"geometry":{"type":"Point","coordinates":[101.7118,3.21733]}},{"type":"Feature","properties":{"class":"neighbourhood","name":"Taman Sri Kenari","osm_id":7656453621},"geometry":{"type":"Point","coordinates":[101.76914,2.9918]}},{"type":"Feature","properties":{"class":"neighbourhood","name":"Kampung Paya","osm_id":7656453624},"geometry":{"type":"Point","coordinates":[101.76645,2.98792]}},{"type":"Feature","properties":{"class":"neighbourhood","name":"Taman Desa","osm_id":7660605401},"geometry":{"type":"Point","coordinates":[101.73029,2.89182]}},{"type":"Feature","properties":{"class":"suburb","name":"Taman Desa","osm_id":7680281698},"geometry":{"type":"Point","coordinates":[101.68502,3.10306]}},{"type":"Feature","properties":{"class":"suburb","name":"Kota Puteri","osm_id":7681188785},"geometry":{"type":"Point","coordinates":[101.44197,3.30844]}},{"type":"Feature","properties":{"class":"neighbourhood","name":"Bandar Tasik Kesuma Fasa 4","osm_id":7686790327},"geometry":{"type":"Point","coordinates":[101.8696,2.91321]}},{"type":"Feature","properties":{"class":"neighbourhood","name":"Suriaman 2A","osm_id":7689145899},"geometry":{"type":"Point","coordinates":[101.86373,2.70429]}},{"type":"Feature","properties":{"class":"neighbourhood","name":"Kampung Batu 14, Puchong","osm_id":7693958027},"geometry":{"type":"Point","coordinates":[101.62397,2.99389]}},{"type":"Feature","properties":{"class":"neighbourhood","name":"Taman Ampangan","osm_id":7694934154},"geometry":{"type":"Point","coordinates":[101.99888,2.72685]}},{"type":"Feature","properties":{"class":"neighbourhood","name":"Ivory Villas","osm_id":7694937953},"geometry":{"type":"Point","coordinates":[101.84046,2.84873]}},{"type":"Feature","properties":{"class":"neighbourhood","name":"Taman Seri KIambang 2","osm_id":7698684162},"geometry":{"type":"Point","coordinates":[101.9791,2.70817]}},{"type":"Feature","properties":{"class":"neighbourhood","name":"Taman Guru Melayu","osm_id":7698684164},"geometry":{"type":"Point","coordinates":[101.9761,2.70569]}},{"type":"Feature","properties":{"class":"neighbourhood","name":"Taman Setia Hati","osm_id":7698684171},"geometry":{"type":"Point","coordinates":[101.97758,2.70398]}},{"type":"Feature","properties":{"class":"neighbourhood","name":"Taman Megaway","osm_id":7699361457},"geometry":{"type":"Point","coordinates":[101.95958,2.74247]}},{"type":"Feature","properties":{"class":"neighbourhood","name":"Taman Jaya Utama","osm_id":7707712311},"geometry":{"type":"Point","coordinates":[101.47534,2.91259]}},{"type":"Feature","properties":{"class":"neighbourhood","name":"Taman Delima","osm_id":7709396622},"geometry":{"type":"Point","coordinates":[101.50031,2.81523]}},{"type":"Feature","properties":{"class":"neighbourhood","name":"Taman Cheras Prima","osm_id":7711064900},"geometry":{"type":"Point","coordinates":[101.76397,3.01182]}},{"type":"Feature","properties":{"class":"neighbourhood","name":"Taman Dutamas","osm_id":7711113600},"geometry":{"type":"Point","coordinates":[101.75988,3.03228]}},{"type":"Feature","properties":{"class":"neighbourhood","name":"Taman Desa Karunmas","osm_id":7714660167},"geometry":{"type":"Point","coordinates":[101.75495,3.00533]}},{"type":"Feature","properties":{"class":"neighbourhood","name":"Taman Balakong Jaya","osm_id":7714894549},"geometry":{"type":"Point","coordinates":[101.73791,3.00739]}},{"type":"Feature","properties":{"class":"neighbourhood","name":"Gita Bayu","osm_id":7714911020},"geometry":{"type":"Point","coordinates":[101.73099,3.0067]}},{"type":"Feature","properties":{"class":"suburb","name":"Cheras","osm_id":7717733753},"geometry":{"type":"Point","coordinates":[101.76269,3.07308]}},{"type":"Feature","properties":{"class":"suburb","name":"Maluri","osm_id":7717770817},"geometry":{"type":"Point","coordinates":[101.73187,3.12948]}},{"type":"Feature","properties":{"class":"neighbourhood","name":"Taman Pendamar Indah","osm_id":7731971427},"geometry":{"type":"Point","coordinates":[101.42094,2.98658]}},{"type":"Feature","properties":{"class":"neighbourhood","name":"Taman Setia","osm_id":7732159475},"geometry":{"type":"Point","coordinates":[101.48244,2.97582]}},{"type":"Feature","properties":{"class":"neighbourhood","name":"Desiran","osm_id":7734075923},"geometry":{"type":"Point","coordinates":[101.64474,3.03815]}},{"type":"Feature","properties":{"class":"neighbourhood","name":"Taman Pendamar Indah 2","osm_id":7744392330},"geometry":{"type":"Point","coordinates":[101.42599,2.98022]}},{"type":"Feature","properties":{"class":"neighbourhood","name":"Kampung Pendamar","osm_id":7744392333},"geometry":{"type":"Point","coordinates":[101.43263,2.97768]}},{"type":"Feature","properties":{"class":"neighbourhood","name":"Taman Mesra","osm_id":7744392368},"geometry":{"type":"Point","coordinates":[101.77975,3.01411]}},{"type":"Feature","properties":{"class":"neighbourhood","name":"Taman Angkasa","osm_id":7978199693},"geometry":{"type":"Point","coordinates":[101.56265,2.82865]}},{"type":"Feature","properties":{"class":"neighbourhood","name":"Taman Bakti","osm_id":7978227834},"geometry":{"type":"Point","coordinates":[101.53461,2.8316]}},{"type":"Feature","properties":{"class":"neighbourhood","name":"Sime Darby Planters Haven","osm_id":7990862952},"geometry":{"type":"Point","coordinates":[101.80522,2.79346]}},{"type":"Feature","properties":{"class":"neighbourhood","name":"Kepayang Residence","osm_id":7990862953},"geometry":{"type":"Point","coordinates":[101.90759,2.71947]}},{"type":"Feature","properties":{"class":"neighbourhood","name":"Taman Ijok Jaya Seksyen 1","osm_id":8058047016},"geometry":{"type":"Point","coordinates":[101.41442,3.31402]}},{"type":"Feature","properties":{"class":"neighbourhood","name":"Seksyen 5 Kota Puteri","osm_id":8058854373},"geometry":{"type":"Point","coordinates":[101.44646,3.30476]}},{"type":"Feature","properties":{"class":"suburb","name":"Elmina","osm_id":8076898810},"geometry":{"type":"Point","coordinates":[101.5173,3.18037]}},{"type":"Feature","properties":{"class":"suburb","name":"Bandar Hillpark","osm_id":8077415263},"geometry":{"type":"Point","coordinates":[101.46359,3.21092]}},{"type":"Feature","properties":{"class":"suburb","name":"Eco Grandeur","osm_id":8077651103},"geometry":{"type":"Point","coordinates":[101.46826,3.22414]}},{"type":"Feature","properties":{"class":"neighbourhood","name":"Taman Idaman","osm_id":8109162664},"geometry":{"type":"Point","coordinates":[101.61392,3.36668]}},{"type":"Feature","properties":{"class":"neighbourhood","name":"Taman Puncak Saujana","osm_id":8228190586},"geometry":{"type":"Point","coordinates":[101.8075,3.0152]}},{"type":"Feature","properties":{"class":"neighbourhood","name":"Elmina Valley 3","osm_id":8232747609},"geometry":{"type":"Point","coordinates":[101.50711,3.16959]}},{"type":"Feature","properties":{"class":"neighbourhood","name":"Elmina Valley 4","osm_id":8232747610},"geometry":{"type":"Point","coordinates":[101.5037,3.17091]}},{"type":"Feature","properties":{"class":"neighbourhood","name":"Rumah Pangsa Mawar (Blok A,B,C)","osm_id":8242234352},"geometry":{"type":"Point","coordinates":[101.63495,3.06883]}},{"type":"Feature","properties":{"class":"village","name":"Kampung Seri Cheeding","osm_id":8276242679},"geometry":{"type":"Point","coordinates":[101.55145,2.887]}},{"type":"Feature","properties":{"class":"neighbourhood","name":"Putra Bistari","osm_id":8330939663},"geometry":{"type":"Point","coordinates":[101.57714,3.01826]}},{"type":"Feature","properties":{"class":"neighbourhood","name":"Putra Murni","osm_id":8344071194},"geometry":{"type":"Point","coordinates":[101.57454,3.0143]}},{"type":"Feature","properties":{"class":"neighbourhood","name":"Menara Bukit Jelutong","osm_id":8444282712},"geometry":{"type":"Point","coordinates":[101.52717,3.09755]}},{"type":"Feature","properties":{"class":"neighbourhood","name":"Elmina Valley 5","osm_id":8449353214},"geometry":{"type":"Point","coordinates":[101.50354,3.1686]}},{"type":"Feature","properties":{"class":"neighbourhood","name":"Pendamar Villa","osm_id":8614627525},"geometry":{"type":"Point","coordinates":[101.41312,2.98731]}},{"type":"Feature","properties":{"class":"neighbourhood","name":"Kampung Paroi","osm_id":8743640117},"geometry":{"type":"Point","coordinates":[101.99422,2.72183]}},{"type":"Feature","properties":{"class":"suburb","name":"Ampangan","osm_id":8743640149},"geometry":{"type":"Point","coordinates":[101.96734,2.72495]}},{"type":"Feature","properties":{"class":"neighbourhood","name":"Taman Setapak Jaya","osm_id":8774847128},"geometry":{"type":"Point","coordinates":[101.72697,3.19059]}},{"type":"Feature","properties":{"class":"suburb","name":"Semarak","osm_id":8777218657},"geometry":{"type":"Point","coordinates":[101.72205,3.18185]}},{"type":"Feature","properties":{"class":"suburb","name":"Setiawangsa","osm_id":8777444830},"geometry":{"type":"Point","coordinates":[101.74525,3.18278]}},{"type":"Feature","properties":{"class":"suburb","name":"Taman Connaught","osm_id":8777444838},"geometry":{"type":"Point","coordinates":[101.73534,3.08323]}},{"type":"Feature","properties":{"class":"suburb","name":"Bukit Damansara","osm_id":8777583847},"geometry":{"type":"Point","coordinates":[101.65845,3.1524]}},{"type":"Feature","properties":{"class":"suburb","name":"Taman Duta","osm_id":8777583850},"geometry":{"type":"Point","coordinates":[101.66963,3.16538]}},{"type":"Feature","properties":{"class":"suburb","name":"Bandar Menjalara","osm_id":8777583851},"geometry":{"type":"Point","coordinates":[101.62723,3.19413]}},{"type":"Feature","properties":{"class":"neighbourhood","name":"Taman Alam Perdana","osm_id":8839920169},"geometry":{"type":"Point","coordinates":[101.45731,3.25542]}},{"type":"Feature","properties":{"class":"neighbourhood","name":"Kampung Sri Langkas Tambahan","osm_id":8928581777},"geometry":{"type":"Point","coordinates":[101.5956,3.00874]}},{"type":"Feature","properties":{"class":"neighbourhood","name":"Kampung Sri Andalas","osm_id":8928581778},"geometry":{"type":"Point","coordinates":[101.59355,3.0084]}},{"type":"Feature","properties":{"class":"neighbourhood","name":"Kampung Sri Langkas","osm_id":8928581779},"geometry":{"type":"Point","coordinates":[101.59395,3.01077]}},{"type":"Feature","properties":{"class":"neighbourhood","name":"Taman Kosmo Jaya","osm_id":8946601761},"geometry":{"type":"Point","coordinates":[101.68955,3.19652]}},{"type":"Feature","properties":{"class":"neighbourhood","name":"Sentul Bahagia","osm_id":8946601762},"geometry":{"type":"Point","coordinates":[101.68845,3.19439]}},{"type":"Feature","properties":{"class":"neighbourhood","name":"Taman Puncak Bukit Utama Fasa 1","osm_id":9123287114},"geometry":{"type":"Point","coordinates":[101.76649,3.17494]}},{"type":"Feature","properties":{"class":"neighbourhood","name":"Puncak Bukit Antarabangsa","osm_id":9123287115},"geometry":{"type":"Point","coordinates":[101.76817,3.17604]}},{"type":"Feature","properties":{"class":"neighbourhood","name":"Taman Sri Haneco","osm_id":9141198054},"geometry":{"type":"Point","coordinates":[101.86622,2.97193]}},{"type":"Feature","properties":{"class":"neighbourhood","name":"Green Valley Park","osm_id":9173880236},"geometry":{"type":"Point","coordinates":[101.46749,3.28705]}},{"type":"Feature","properties":{"class":"neighbourhood","name":"M Residence 2","osm_id":9174778373},"geometry":{"type":"Point","coordinates":[101.50567,3.305]}},{"type":"Feature","properties":{"class":"neighbourhood","name":"Tamansari","osm_id":9175155111},"geometry":{"type":"Point","coordinates":[101.54486,3.31398]}},{"type":"Feature","properties":{"class":"suburb","name":"Bandar Ainsdale","osm_id":9296371229},"geometry":{"type":"Point","coordinates":[101.88818,2.7304]}},{"type":"Feature","properties":{"class":"neighbourhood","name":"Taman Nilai Perdana","osm_id":9316209312},"geometry":{"type":"Point","coordinates":[101.8068,2.80218]}},{"type":"Feature","properties":{"class":"neighbourhood","name":"Taman Pelangi","osm_id":9317496336},"geometry":{"type":"Point","coordinates":[101.55423,3.29614]}},{"type":"Feature","properties":{"class":"neighbourhood","name":"Taman Bamboo","osm_id":9378302375},"geometry":{"type":"Point","coordinates":[101.6763,3.19454]}},{"type":"Feature","properties":{"class":"neighbourhood","name":"Kampung Bersatu","osm_id":9451764744},"geometry":{"type":"Point","coordinates":[101.59922,3.01663]}},{"type":"Feature","properties":{"class":"neighbourhood","name":"Kampung Sri Puchong","osm_id":9451764745},"geometry":{"type":"Point","coordinates":[101.59767,3.01801]}},{"type":"Feature","properties":{"class":"neighbourhood","name":"Kampung Jiboi","osm_id":9465954429},"geometry":{"type":"Point","coordinates":[101.96903,2.73401]}},{"type":"Feature","properties":{"class":"neighbourhood","name":"Tanjung Industrial Park","osm_id":9490184659},"geometry":{"type":"Point","coordinates":[101.68241,2.80724]}},{"type":"Feature","properties":{"class":"neighbourhood","name":"Taman Seri Hijau","osm_id":9580934133},"geometry":{"type":"Point","coordinates":[101.57697,3.32769]}},{"type":"Feature","properties":{"class":"neighbourhood","name":"Taman Bukit Labu","osm_id":9581034104},"geometry":{"type":"Point","coordinates":[101.92112,2.72134]}},{"type":"Feature","properties":{"class":"neighbourhood","name":"Kampung Dollah","osm_id":9702477136},"geometry":{"type":"Point","coordinates":[101.7149,3.14181]}},{"type":"Feature","properties":{"class":"neighbourhood","name":"Taman Bukit Belian","osm_id":9709709347},"geometry":{"type":"Point","coordinates":[101.89632,2.83228]}},{"type":"Feature","properties":{"class":"neighbourhood","name":"Kampung Sri Aman Berkat","osm_id":9717883719},"geometry":{"type":"Point","coordinates":[101.58752,2.9915]}},{"type":"Feature","properties":{"class":"neighbourhood","name":"Kampung Sri Aman Bistari","osm_id":9717883739},"geometry":{"type":"Point","coordinates":[101.58919,2.99981]}},{"type":"Feature","properties":{"class":"neighbourhood","name":"Kampung Pasir Cina","osm_id":9723066248},"geometry":{"type":"Point","coordinates":[101.62512,2.99875]}},{"type":"Feature","properties":{"class":"neighbourhood","name":"Kampung Pasir Baru Puchong","osm_id":9723066249},"geometry":{"type":"Point","coordinates":[101.62017,3.00499]}},{"type":"Feature","properties":{"class":"neighbourhood","name":"Kampung Bunga Melor","osm_id":9723066250},"geometry":{"type":"Point","coordinates":[101.62063,3.00186]}},{"type":"Feature","properties":{"class":"neighbourhood","name":"Perkampungan Orang Asli Sungai Rasau Hilir","osm_id":9723066281},"geometry":{"type":"Point","coordinates":[101.63431,2.98569]}},{"type":"Feature","properties":{"class":"neighbourhood","name":"Serenia Aman","osm_id":9773366147},"geometry":{"type":"Point","coordinates":[101.70511,2.85278]}},{"type":"Feature","properties":{"class":"neighbourhood","name":"Taman Castlefield","osm_id":9773488356},"geometry":{"type":"Point","coordinates":[101.70414,3.07036]}},{"type":"Feature","properties":{"class":"neighbourhood","name":"Taman Bukit Intan","osm_id":9773488357},"geometry":{"type":"Point","coordinates":[101.70175,3.06591]}},{"type":"Feature","properties":{"class":"neighbourhood","name":"Taman Sri Endah","osm_id":9773488358},"geometry":{"type":"Point","coordinates":[101.69769,3.06537]}},{"type":"Feature","properties":{"class":"neighbourhood","name":"Taman Sri Petaling","osm_id":9773488359},"geometry":{"type":"Point","coordinates":[101.69548,3.07298]}},{"type":"Feature","properties":{"class":"village","name":"Sungai Raba","osm_id":9774569513},"geometry":{"type":"Point","coordinates":[101.4488,2.8192]}},{"type":"Feature","properties":{"class":"village","name":"Kampung Gebok","osm_id":9798886982},"geometry":{"type":"Point","coordinates":[101.85737,2.83529]}},{"type":"Feature","properties":{"class":"neighbourhood","name":"Taman Sri Delima","osm_id":9852334895},"geometry":{"type":"Point","coordinates":[101.66753,3.19996]}},{"type":"Feature","properties":{"class":"neighbourhood","name":"Taman Jinjang Baru","osm_id":9852336824},"geometry":{"type":"Point","coordinates":[101.65892,3.20557]}},{"type":"Feature","properties":{"class":"neighbourhood","name":"Taman Beringin","osm_id":9852440502},"geometry":{"type":"Point","coordinates":[101.66524,3.2203]}},{"type":"Feature","properties":{"class":"neighbourhood","name":"Taman Sri Kuching","osm_id":9852941644},"geometry":{"type":"Point","coordinates":[101.67154,3.19643]}},{"type":"Feature","properties":{"class":"neighbourhood","name":"Taman Kok Doh","osm_id":9853403671},"geometry":{"type":"Point","coordinates":[101.66459,3.19684]}},{"type":"Feature","properties":{"class":"neighbourhood","name":"Taman Fadason","osm_id":9853417799},"geometry":{"type":"Point","coordinates":[101.65326,3.21322]}},{"type":"Feature","properties":{"class":"neighbourhood","name":"Taman Ampang Jaya","osm_id":9860884085},"geometry":{"type":"Point","coordinates":[101.76031,3.16043]}},{"type":"Feature","properties":{"class":"neighbourhood","name":"Taman Ukay Height","osm_id":9860916911},"geometry":{"type":"Point","coordinates":[101.75959,3.16293]}},{"type":"Feature","properties":{"class":"neighbourhood","name":"Taman Hijau","osm_id":9860916912},"geometry":{"type":"Point","coordinates":[101.7606,3.16618]}},{"type":"Feature","properties":{"class":"neighbourhood","name":"Taman Cempaka","osm_id":9895133932},"geometry":{"type":"Point","coordinates":[101.49684,2.79949]}},{"type":"Feature","properties":{"class":"neighbourhood","name":"Laman Orkid","osm_id":9901552401},"geometry":{"type":"Point","coordinates":[101.81893,2.84195]}},{"type":"Feature","properties":{"class":"neighbourhood","name":"Taman Tenaga","osm_id":9904144528},"geometry":{"type":"Point","coordinates":[101.78933,2.95917]}},{"type":"Feature","properties":{"class":"neighbourhood","name":"Taman Impian","osm_id":9911216475},"geometry":{"type":"Point","coordinates":[101.67858,3.20006]}},{"type":"Feature","properties":{"class":"neighbourhood","name":"Taman Sejahtera","osm_id":9961767608},"geometry":{"type":"Point","coordinates":[101.66698,3.19309]}},{"type":"Feature","properties":{"class":"neighbourhood","name":"Taman Lawa","osm_id":9961767609},"geometry":{"type":"Point","coordinates":[101.66561,3.19743]}},{"type":"Feature","properties":{"class":"neighbourhood","name":"Taman Danau Desa","osm_id":9963367709},"geometry":{"type":"Point","coordinates":[101.68621,3.09978]}},{"type":"Feature","properties":{"class":"neighbourhood","name":"Taman Cheras Jaya Fasa 1 2A/2B","osm_id":9965506947},"geometry":{"type":"Point","coordinates":[101.76153,3.02614]}},{"type":"Feature","properties":{"class":"neighbourhood","name":"Setia Alamsari","osm_id":9966832684},"geometry":{"type":"Point","coordinates":[101.79901,2.92642]}},{"type":"Feature","properties":{"class":"neighbourhood","name":"Taman Universiti","osm_id":9966838232},"geometry":{"type":"Point","coordinates":[101.7959,2.94366]}},{"type":"Feature","properties":{"class":"neighbourhood","name":"Nada Alam","osm_id":9979527077},"geometry":{"type":"Point","coordinates":[101.8363,2.83716]}},{"type":"Feature","properties":{"class":"neighbourhood","name":"Perdana College Heights","osm_id":9979539522},"geometry":{"type":"Point","coordinates":[101.84034,2.85205]}},{"type":"Feature","properties":{"class":"neighbourhood","name":"Taman Anggerik","osm_id":9979539564},"geometry":{"type":"Point","coordinates":[101.85306,2.84065]}},{"type":"Feature","properties":{"class":"neighbourhood","name":"College Heights Garden Resort","osm_id":9979539565},"geometry":{"type":"Point","coordinates":[101.8537,2.85331]}},{"type":"Feature","properties":{"class":"neighbourhood","name":"Taman Gading Jaya","osm_id":9979539589},"geometry":{"type":"Point","coordinates":[101.8911,2.82456]}},{"type":"Feature","properties":{"class":"neighbourhood","name":"Taman Seraya","osm_id":9979539618},"geometry":{"type":"Point","coordinates":[101.90078,2.82087]}},{"type":"Feature","properties":{"class":"neighbourhood","name":"Taman Bukit Jelutong","osm_id":9979539619},"geometry":{"type":"Point","coordinates":[101.90405,2.82234]}},{"type":"Feature","properties":{"class":"neighbourhood","name":"Taman Bukit Markisa","osm_id":9979539669},"geometry":{"type":"Point","coordinates":[101.92652,2.7419]}},{"type":"Feature","properties":{"class":"neighbourhood","name":"Taman Batu Muda","osm_id":9983062958},"geometry":{"type":"Point","coordinates":[101.6848,3.2267]}},{"type":"Feature","properties":{"class":"neighbourhood","name":"Taman Tenaga","osm_id":10033333209},"geometry":{"type":"Point","coordinates":[101.7258,3.11219]}},{"type":"Feature","properties":{"class":"neighbourhood","name":"Duta","osm_id":10119091581},"geometry":{"type":"Point","coordinates":[101.6655,3.16832]}},{"type":"Feature","properties":{"class":"neighbourhood","name":"Taman Ijok Jaya Seksyen 2","osm_id":10127361730},"geometry":{"type":"Point","coordinates":[101.41598,3.31404]}},{"type":"Feature","properties":{"class":"neighbourhood","name":"Kiaramas","osm_id":10162265170},"geometry":{"type":"Point","coordinates":[101.64301,3.16712]}},{"type":"Feature","properties":{"class":"neighbourhood","name":"Taman Bakawali","osm_id":10165000971},"geometry":{"type":"Point","coordinates":[101.60058,3.40848]}},{"type":"Feature","properties":{"class":"neighbourhood","name":"Desa Billion","osm_id":10223842504},"geometry":{"type":"Point","coordinates":[101.78915,2.98691]}},{"type":"Feature","properties":{"class":"neighbourhood","name":"Taman Makmur","osm_id":10236776589},"geometry":{"type":"Point","coordinates":[101.92414,2.7368]}},{"type":"Feature","properties":{"class":"neighbourhood","name":"Taman Bangawan","osm_id":10236776596},"geometry":{"type":"Point","coordinates":[101.926,2.73746]}},{"type":"Feature","properties":{"class":"neighbourhood","name":"Taman Dawn","osm_id":10236819916},"geometry":{"type":"Point","coordinates":[101.92276,2.74104]}},{"type":"Feature","properties":{"class":"neighbourhood","name":"Taman Templer","osm_id":10236819926},"geometry":{"type":"Point","coordinates":[101.92308,2.73894]}},{"type":"Feature","properties":{"class":"neighbourhood","name":"Taman Dato' Senu","osm_id":10237548702},"geometry":{"type":"Point","coordinates":[101.69623,3.19312]}},{"type":"Feature","properties":{"class":"village","name":"Kampung Padang Balang","osm_id":10237548705},"geometry":{"type":"Point","coordinates":[101.69835,3.21365]}},{"type":"Feature","properties":{"class":"neighbourhood","name":"Taman Changkat Desa","osm_id":10237548707},"geometry":{"type":"Point","coordinates":[101.69766,3.22236]}},{"type":"Feature","properties":{"class":"neighbourhood","name":"Taman Koperasi Polis","osm_id":10237548708},"geometry":{"type":"Point","coordinates":[101.69189,3.22184]}},{"type":"Feature","properties":{"class":"neighbourhood","name":"Taman Kepong","osm_id":10237616291},"geometry":{"type":"Point","coordinates":[101.63241,3.21022]}},{"type":"Feature","properties":{"class":"neighbourhood","name":"Bukit Bandaraya","osm_id":10242753313},"geometry":{"type":"Point","coordinates":[101.66301,3.13759]}},{"type":"Feature","properties":{"class":"neighbourhood","name":"Taman Melati","osm_id":10295533576},"geometry":{"type":"Point","coordinates":[101.59578,3.36739]}},{"type":"Feature","properties":{"class":"neighbourhood","name":"Anugerah Suria","osm_id":10295534622},"geometry":{"type":"Point","coordinates":[101.56793,3.36267]}},{"type":"Feature","properties":{"class":"neighbourhood","name":"Taman Bukit Teratai","osm_id":10295534623},"geometry":{"type":"Point","coordinates":[101.5688,3.36981]}},{"type":"Feature","properties":{"class":"village","name":"Kampung Tanjung","osm_id":10295534626},"geometry":{"type":"Point","coordinates":[101.58826,3.34309]}},{"type":"Feature","properties":{"class":"neighbourhood","name":"Taman Seri Residensi","osm_id":10543476878},"geometry":{"type":"Point","coordinates":[101.37428,3.10168]}},{"type":"Feature","properties":{"class":"neighbourhood","name":"Taman Lucky","osm_id":10593142997},"geometry":{"type":"Point","coordinates":[101.67054,3.12678]}},{"type":"Feature","properties":{"class":"neighbourhood","name":"Damansara Kim","osm_id":10593212115},"geometry":{"type":"Point","coordinates":[101.62736,3.13475]}},{"type":"Feature","properties":{"class":"neighbourhood","name":"Blok 14 Maple","osm_id":10600951427},"geometry":{"type":"Point","coordinates":[101.4781,3.28509]}},{"type":"Feature","properties":{"class":"neighbourhood","name":"Kampung Periuk","osm_id":10787244209},"geometry":{"type":"Point","coordinates":[101.69977,3.16238]}},{"type":"Feature","properties":{"class":"neighbourhood","name":"Taman Muhibbah","osm_id":10802221295},"geometry":{"type":"Point","coordinates":[101.41796,3.38125]}},{"type":"Feature","properties":{"class":"village","name":"Kampung Harmoni","osm_id":10804010314},"geometry":{"type":"Point","coordinates":[101.42048,3.31483]}},{"type":"Feature","properties":{"class":"neighbourhood","name":"Bagan Hailam","osm_id":10810625657},"geometry":{"type":"Point","coordinates":[101.38692,3.00246]}},{"type":"Feature","properties":{"class":"neighbourhood","name":"Taman Sentosa Kapar","osm_id":10833481275},"geometry":{"type":"Point","coordinates":[101.3778,3.13272]}},{"type":"Feature","properties":{"class":"neighbourhood","name":"Perumahan PKNS Batu 4","osm_id":10833569783},"geometry":{"type":"Point","coordinates":[101.40757,3.07918]}},{"type":"Feature","properties":{"class":"neighbourhood","name":"Taman Sekamat Jaya","osm_id":10833933172},"geometry":{"type":"Point","coordinates":[101.78855,3.02345]}},{"type":"Feature","properties":{"class":"neighbourhood","name":"Taman Ampangan","osm_id":10834166172},"geometry":{"type":"Point","coordinates":[101.99628,2.72398]}},{"type":"Feature","properties":{"class":"neighbourhood","name":"Kampung Gedong Lalang Lama","osm_id":10834195910},"geometry":{"type":"Point","coordinates":[101.97234,2.72707]}},{"type":"Feature","properties":{"class":"neighbourhood","name":"Kampung Sentosa","osm_id":10861587135},"geometry":{"type":"Point","coordinates":[101.9884,2.71856]}},{"type":"Feature","properties":{"class":"neighbourhood","name":"Kampung Padang","osm_id":10926214701},"geometry":{"type":"Point","coordinates":[101.71393,3.16607]}},{"type":"Feature","properties":{"class":"neighbourhood","name":"Kenanga Gardens","osm_id":10929425459},"geometry":{"type":"Point","coordinates":[101.49169,3.1975]}},{"type":"Feature","properties":{"class":"neighbourhood","name":"Ayden Townhouse Warisan Puteri","osm_id":10967266276},"geometry":{"type":"Point","coordinates":[101.69679,2.81936]}},{"type":"Feature","properties":{"class":"neighbourhood","name":"Avista Warisan Puteri","osm_id":10967266277},"geometry":{"type":"Point","coordinates":[101.70358,2.82185]}},{"type":"Feature","properties":{"class":"neighbourhood","name":"Evira Warisan Puteri","osm_id":10967266278},"geometry":{"type":"Point","coordinates":[101.70035,2.82117]}},{"type":"Feature","properties":{"class":"neighbourhood","name":"Taman Batu Caves","osm_id":11010625965},"geometry":{"type":"Point","coordinates":[101.67849,3.23713]}},{"type":"Feature","properties":{"class":"neighbourhood","name":"Taman Teratai","osm_id":11015214615},"geometry":{"type":"Point","coordinates":[101.7408,2.81249]}},{"type":"Feature","properties":{"class":"neighbourhood","name":"Desa Pinggiran Rimbayu","osm_id":11015237692},"geometry":{"type":"Point","coordinates":[101.56391,2.9092]}},{"type":"Feature","properties":{"class":"neighbourhood","name":"Taman Seri Telok Datok","osm_id":11017984306},"geometry":{"type":"Point","coordinates":[101.51986,2.81686]}},{"type":"Feature","properties":{"class":"neighbourhood","name":"Taman Pandan Mesra","osm_id":11039515709},"geometry":{"type":"Point","coordinates":[101.77257,3.13227]}},{"type":"Feature","properties":{"class":"village","name":"Kampung Pasir Baru","osm_id":11051531511},"geometry":{"type":"Point","coordinates":[101.87365,2.99889]}},{"type":"Feature","properties":{"class":"neighbourhood","name":"Taman Aik Ann","osm_id":11051531665},"geometry":{"type":"Point","coordinates":[101.84167,2.95896]}},{"type":"Feature","properties":{"class":"neighbourhood","name":"Taman Hiew Piow","osm_id":11051531666},"geometry":{"type":"Point","coordinates":[101.843,2.95969]}},{"type":"Feature","properties":{"class":"neighbourhood","name":"Taman Sahabat","osm_id":11051531667},"geometry":{"type":"Point","coordinates":[101.84479,2.95981]}},{"type":"Feature","properties":{"class":"neighbourhood","name":"Taman Semenyih","osm_id":11051531668},"geometry":{"type":"Point","coordinates":[101.84484,2.95596]}},{"type":"Feature","properties":{"class":"neighbourhood","name":"Zon Bunga Cempaka","osm_id":11234806389},"geometry":{"type":"Point","coordinates":[101.44351,3.42314]}},{"type":"Feature","properties":{"class":"neighbourhood","name":"Taman Selayang Utama","osm_id":11341979359},"geometry":{"type":"Point","coordinates":[101.64355,3.23659]}},{"type":"Feature","properties":{"class":"neighbourhood","name":"Taman Selayang Indah","osm_id":11341979430},"geometry":{"type":"Point","coordinates":[101.65392,3.2375]}},{"type":"Feature","properties":{"class":"neighbourhood","name":"Laman View","osm_id":11364659925},"geometry":{"type":"Point","coordinates":[101.64272,2.902]}},{"type":"Feature","properties":{"class":"neighbourhood","name":"Bukit Damar","osm_id":11364675702},"geometry":{"type":"Point","coordinates":[101.64163,2.88906]}},{"type":"Feature","properties":{"class":"suburb","name":"Alam Impian","osm_id":11372674332},"geometry":{"type":"Point","coordinates":[101.51179,3.02384]}},{"type":"Feature","properties":{"class":"suburb","name":"Taman Sri Muda","osm_id":11391896670},"geometry":{"type":"Point","coordinates":[101.53448,3.03252]}},{"type":"Feature","properties":{"class":"neighbourhood","name":"Seksyen 5 Bandar Bukit Mahkota","osm_id":11401496222},"geometry":{"type":"Point","coordinates":[101.81574,2.87271]}},{"type":"Feature","properties":{"class":"neighbourhood","name":"Taman Sri Wangi","osm_id":11402684946},"geometry":{"type":"Point","coordinates":[101.49028,3.01371]}},{"type":"Feature","properties":{"class":"neighbourhood","name":"Taman Sentosa Perdana","osm_id":11402684954},"geometry":{"type":"Point","coordinates":[101.48124,3.00827]}},{"type":"Feature","properties":{"class":"neighbourhood","name":"Taman Sejahtera","osm_id":11402684955},"geometry":{"type":"Point","coordinates":[101.48178,3.01059]}},{"type":"Feature","properties":{"class":"neighbourhood","name":"Taman Sejati","osm_id":11406216705},"geometry":{"type":"Point","coordinates":[101.47003,3.01276]}},{"type":"Feature","properties":{"class":"neighbourhood","name":"Taman Klang Ria","osm_id":11406216720},"geometry":{"type":"Point","coordinates":[101.46216,3.00721]}},{"type":"Feature","properties":{"class":"neighbourhood","name":"Taman Pinggiran USJ","osm_id":11450705036},"geometry":{"type":"Point","coordinates":[101.55983,3.05045]}},{"type":"Feature","properties":{"class":"suburb","name":"UEP Subang Jaya","osm_id":11452032664},"geometry":{"type":"Point","coordinates":[101.5892,3.0466]}},{"type":"Feature","properties":{"class":"neighbourhood","name":"USJ Heights","osm_id":11452032665},"geometry":{"type":"Point","coordinates":[101.56428,3.05885]}},{"type":"Feature","properties":{"class":"neighbourhood","name":"USJ 3","osm_id":11452045478},"geometry":{"type":"Point","coordinates":[101.5715,3.05613]}},{"type":"Feature","properties":{"class":"neighbourhood","name":"Taman Sri Subang","osm_id":11460239895},"geometry":{"type":"Point","coordinates":[101.60831,3.07837]}},{"type":"Feature","properties":{"class":"neighbourhood","name":"Taman Dato' Hormat","osm_id":11460239896},"geometry":{"type":"Point","coordinates":[101.60458,3.07752]}},{"type":"Feature","properties":{"class":"neighbourhood","name":"Kampung Lindungan","osm_id":11465367159},"geometry":{"type":"Point","coordinates":[101.61574,3.0768]}},{"type":"Feature","properties":{"class":"neighbourhood","name":"Kampung Hujung Pasir","osm_id":11475201711},"geometry":{"type":"Point","coordinates":[101.70353,3.16047]}},{"type":"Feature","properties":{"class":"neighbourhood","name":"Taman Petaling","osm_id":11534410924},"geometry":{"type":"Point","coordinates":[101.65737,3.08658]}},{"type":"Feature","properties":{"class":"neighbourhood","name":"Kampung Seri Damansara","osm_id":11556101055},"geometry":{"type":"Point","coordinates":[101.63155,3.13008]}},{"type":"Feature","properties":{"class":"neighbourhood","name":"Taman SEA","osm_id":11569944915},"geometry":{"type":"Point","coordinates":[101.61308,3.11703]}},{"type":"Feature","properties":{"class":"suburb","name":"Bandar Sri Damansara","osm_id":11577918341},"geometry":{"type":"Point","coordinates":[101.61276,3.19349]}},{"type":"Feature","properties":{"class":"neighbourhood","name":"Taman Sains Selangor 1","osm_id":11578392183},"geometry":{"type":"Point","coordinates":[101.56749,3.15461]}},{"type":"Feature","properties":{"class":"neighbourhood","name":"Blok 8B Balti","osm_id":11593945624},"geometry":{"type":"Point","coordinates":[101.47483,3.27909]}},{"type":"Feature","properties":{"class":"neighbourhood","name":"Sri Utara Kipark","osm_id":11619045608},"geometry":{"type":"Point","coordinates":[101.67027,3.22294]}},{"type":"Feature","properties":{"class":"neighbourhood","name":"The Vantage, BMC","osm_id":11619514498},"geometry":{"type":"Point","coordinates":[101.79612,3.06917]}},{"type":"Feature","properties":{"class":"neighbourhood","name":"Desa Amra","osm_id":11635738799},"geometry":{"type":"Point","coordinates":[101.73727,2.94917]}},{"type":"Feature","properties":{"class":"neighbourhood","name":"Nuang Hills","osm_id":11648648699},"geometry":{"type":"Point","coordinates":[101.49057,3.09674]}},{"type":"Feature","properties":{"class":"neighbourhood","name":"Bukit Bandaraya","osm_id":11649527503},"geometry":{"type":"Point","coordinates":[101.49201,3.09591]}},{"type":"Feature","properties":{"class":"neighbourhood","name":"Taman Selayang Bahagia","osm_id":11704695132},"geometry":{"type":"Point","coordinates":[101.65292,3.2362]}},{"type":"Feature","properties":{"class":"neighbourhood","name":"ParkCity Heights","osm_id":11722043295},"geometry":{"type":"Point","coordinates":[101.63883,3.18489]}},{"type":"Feature","properties":{"class":"neighbourhood","name":"Puncak Templer","osm_id":11728018456},"geometry":{"type":"Point","coordinates":[101.64995,3.25698]}},{"type":"Feature","properties":{"class":"neighbourhood","name":"Santuari Park Pantai","osm_id":11747331382},"geometry":{"type":"Point","coordinates":[101.66687,3.08886]}},{"type":"Feature","properties":{"class":"neighbourhood","name":"Kampung Sungai Baru","osm_id":11763465176},"geometry":{"type":"Point","coordinates":[101.71072,3.16321]}},{"type":"Feature","properties":{"class":"neighbourhood","name":"Taman Pelangi Jaya","osm_id":11765121517},"geometry":{"type":"Point","coordinates":[101.69413,3.20816]}},{"type":"Feature","properties":{"class":"neighbourhood","name":"Taman Cheras Idaman 2","osm_id":11782027888},"geometry":{"type":"Point","coordinates":[101.78152,3.0278]}},{"type":"Feature","properties":{"class":"neighbourhood","name":"Taman Kasih","osm_id":11782027889},"geometry":{"type":"Point","coordinates":[101.78955,3.02772]}},{"type":"Feature","properties":{"class":"neighbourhood","name":"Taman Sekamat","osm_id":11782027894},"geometry":{"type":"Point","coordinates":[101.78587,3.02622]}},{"type":"Feature","properties":{"class":"neighbourhood","name":"Taman Anggerik Perdana","osm_id":11782064170},"geometry":{"type":"Point","coordinates":[101.82241,2.97243]}},{"type":"Feature","properties":{"class":"neighbourhood","name":"Taman Yang Ming","osm_id":11809504859},"geometry":{"type":"Point","coordinates":[101.40323,3.37992]}},{"type":"Feature","properties":{"class":"neighbourhood","name":"Taman Pancaran","osm_id":11809504860},"geometry":{"type":"Point","coordinates":[101.40195,3.38168]}},{"type":"Feature","properties":{"class":"neighbourhood","name":"Taman Suluh Budiman","osm_id":11809504861},"geometry":{"type":"Point","coordinates":[101.40324,3.3842]}},{"type":"Feature","properties":{"class":"neighbourhood","name":"Taman Prima Selayang","osm_id":11828576967},"geometry":{"type":"Point","coordinates":[101.64818,3.24857]}},{"type":"Feature","properties":{"class":"neighbourhood","name":"Taman Bukit Idaman","osm_id":11828699191},"geometry":{"type":"Point","coordinates":[101.64333,3.24712]}},{"type":"Feature","properties":{"class":"neighbourhood","name":"Taman Orkid Desa Fasa 2","osm_id":11832435144},"geometry":{"type":"Point","coordinates":[101.72947,3.07619]}},{"type":"Feature","properties":{"class":"neighbourhood","name":"Kampung Pindah","osm_id":11914546415},"geometry":{"type":"Point","coordinates":[101.71229,3.16601]}},{"type":"Feature","properties":{"class":"neighbourhood","name":"Kampung Atas B","osm_id":11922025489},"geometry":{"type":"Point","coordinates":[101.70806,3.166]}},{"type":"Feature","properties":{"class":"neighbourhood","name":"Kampung Atas A","osm_id":11939333316},"geometry":{"type":"Point","coordinates":[101.70699,3.16718]}},{"type":"Feature","properties":{"class":"neighbourhood","name":"Meranti Residency","osm_id":12040978770},"geometry":{"type":"Point","coordinates":[101.43034,3.23741]}},{"type":"Feature","properties":{"class":"neighbourhood","name":"Belian & Cengal Residensi","osm_id":12040978771},"geometry":{"type":"Point","coordinates":[101.4313,3.23547]}},{"type":"Feature","properties":{"class":"suburb","name":"Bandar Seri Putra","osm_id":12050542981},"geometry":{"type":"Point","coordinates":[101.77948,2.88562]}},{"type":"Feature","properties":{"class":"neighbourhood","name":"Taman Petaling","osm_id":12067114289},"geometry":{"type":"Point","coordinates":[101.65007,3.20099]}},{"type":"Feature","properties":{"class":"neighbourhood","name":"KL East","osm_id":12081766214},"geometry":{"type":"Point","coordinates":[101.73193,3.22661]}},{"type":"Feature","properties":{"class":"neighbourhood","name":"Happy Garden","osm_id":12151135355},"geometry":{"type":"Point","coordinates":[101.63579,3.1218]}},{"type":"Feature","properties":{"class":"village","name":"Kampung Kelanang","osm_id":12174518230},"geometry":{"type":"Point","coordinates":[101.44129,2.79593]}},{"type":"Feature","properties":{"class":"neighbourhood","name":"Taman Puchong Utama","osm_id":12182644341},"geometry":{"type":"Point","coordinates":[101.61773,3.00201]}},{"type":"Feature","properties":{"class":"neighbourhood","name":"Planters Grounds","osm_id":12194102233},"geometry":{"type":"Point","coordinates":[101.7446,2.98425]}},{"type":"Feature","properties":{"class":"neighbourhood","name":"Taman Bukit Pandan Bistari","osm_id":12243162911},"geometry":{"type":"Point","coordinates":[101.75674,3.10413]}},{"type":"Feature","properties":{"class":"neighbourhood","name":"Shng Villas","osm_id":12243162959},"geometry":{"type":"Point","coordinates":[101.75845,3.10351]}},{"type":"Feature","properties":{"class":"neighbourhood","name":"Taman Bukit Hatamas 3","osm_id":12246255990},"geometry":{"type":"Point","coordinates":[101.76635,3.09564]}},{"type":"Feature","properties":{"class":"neighbourhood","name":"Taman Lestari Putra","osm_id":12247567381},"geometry":{"type":"Point","coordinates":[101.65181,2.99392]}},{"type":"Feature","properties":{"class":"neighbourhood","name":"Desa Tropika","osm_id":12250931276},"geometry":{"type":"Point","coordinates":[101.4695,3.16951]}},{"type":"Feature","properties":{"class":"neighbourhood","name":"Pinggiran TRX","osm_id":12277757467},"geometry":{"type":"Point","coordinates":[101.71866,3.1451]}},{"type":"Feature","properties":{"class":"suburb","name":"i-City","osm_id":12330827474},"geometry":{"type":"Point","coordinates":[101.48318,3.06424]}},{"type":"Feature","properties":{"class":"neighbourhood","name":"Taman Bukit Ampang","osm_id":12451765153},"geometry":{"type":"Point","coordinates":[101.77779,3.14206]}},{"type":"Feature","properties":{"class":"neighbourhood","name":"Taman Bangsar Pertama","osm_id":12533327756},"geometry":{"type":"Point","coordinates":[101.6708,3.12221]}},{"type":"Feature","properties":{"class":"neighbourhood","name":"Duta 2","osm_id":12539613235},"geometry":{"type":"Point","coordinates":[101.47526,3.1178]}},{"type":"Feature","properties":{"class":"neighbourhood","name":"Taman Rambai Indah","osm_id":12539836857},"geometry":{"type":"Point","coordinates":[101.49306,2.88539]}},{"type":"Feature","properties":{"class":"village","name":"Kampung Sungai Buaya","osm_id":12539861648},"geometry":{"type":"Point","coordinates":[101.46054,2.84701]}},{"type":"Feature","properties":{"class":"neighbourhood","name":"Taman Tiroi","osm_id":12549432414},"geometry":{"type":"Point","coordinates":[101.87137,2.74063]}},{"type":"Feature","properties":{"class":"village","name":"Ulu Kuang","osm_id":12555786440},"geometry":{"type":"Point","coordinates":[101.58166,3.26356]}},{"type":"Feature","properties":{"class":"neighbourhood","name":"Taman Kajang Baru","osm_id":12570548026},"geometry":{"type":"Point","coordinates":[101.78385,2.99081]}},{"type":"Feature","properties":{"class":"neighbourhood","name":"Taman Hulu Langat Jaya","osm_id":12623253938},"geometry":{"type":"Point","coordinates":[101.78255,3.06825]}},{"type":"Feature","properties":{"class":"village","name":"Kampung Batu 16 Dusun Tua","osm_id":12624453056},"geometry":{"type":"Point","coordinates":[101.83292,3.13876]}},{"type":"Feature","properties":{"class":"neighbourhood","name":"Taman Cempaka","osm_id":12625917743},"geometry":{"type":"Point","coordinates":[101.6125,3.37054]}},{"type":"Feature","properties":{"class":"neighbourhood","name":"Taman Mas 3","osm_id":12627904124},"geometry":{"type":"Point","coordinates":[101.77485,3.0717]}},{"type":"Feature","properties":{"class":"neighbourhood","name":"Taman Bukit Sekawan","osm_id":12627904141},"geometry":{"type":"Point","coordinates":[101.80009,3.09238]}},{"type":"Feature","properties":{"class":"neighbourhood","name":"Taman Seri Serendah","osm_id":12629658850},"geometry":{"type":"Point","coordinates":[101.61496,3.37107]}},{"type":"Feature","properties":{"class":"neighbourhood","name":"Taman Yayasan","osm_id":12633571986},"geometry":{"type":"Point","coordinates":[101.4937,2.86717]}},{"type":"Feature","properties":{"class":"neighbourhood","name":"Taman Seri Jarum","osm_id":12633571988},"geometry":{"type":"Point","coordinates":[101.494,2.8728]}},{"type":"Feature","properties":{"class":"neighbourhood","name":"Taman Melati","osm_id":12633571990},"geometry":{"type":"Point","coordinates":[101.49287,2.87152]}},{"type":"Feature","properties":{"class":"neighbourhood","name":"Taman TelokBulatan Telok Panglima Garang","osm_id":12633788766},"geometry":{"type":"Point","coordinates":[101.46823,2.90336]}},{"type":"Feature","properties":{"class":"neighbourhood","name":"Taman Aman","osm_id":12633808802},"geometry":{"type":"Point","coordinates":[101.46652,2.90899]}},{"type":"Feature","properties":{"class":"neighbourhood","name":"Taman Panglima","osm_id":12633808803},"geometry":{"type":"Point","coordinates":[101.46918,2.90875]}},{"type":"Feature","properties":{"class":"neighbourhood","name":"Taman Indah Jaya","osm_id":12633808804},"geometry":{"type":"Point","coordinates":[101.46791,2.91041]}},{"type":"Feature","properties":{"class":"neighbourhood","name":"Taman Medan Indah","osm_id":12633808820},"geometry":{"type":"Point","coordinates":[101.47202,2.92693]}},{"type":"Feature","properties":{"class":"neighbourhood","name":"Taman Sijangkang Permai","osm_id":12633808828},"geometry":{"type":"Point","coordinates":[101.46929,2.94206]}},{"type":"Feature","properties":{"class":"neighbourhood","name":"Taman Kelab Ukay","osm_id":12635196570},"geometry":{"type":"Point","coordinates":[101.77297,3.19492]}},{"type":"Feature","properties":{"class":"neighbourhood","name":"Taman Sering Ukay","osm_id":12635196571},"geometry":{"type":"Point","coordinates":[101.77193,3.1998]}},{"type":"Feature","properties":{"class":"neighbourhood","name":"Ukay Seraya","osm_id":12635196572},"geometry":{"type":"Point","coordinates":[101.76699,3.19819]}},{"type":"Feature","properties":{"class":"neighbourhood","name":"Taman Taming Emas","osm_id":12660402481},"geometry":{"type":"Point","coordinates":[101.78425,2.98595]}},{"type":"Feature","properties":{"class":"village","name":"Kampung Nelayan Telok Gong","osm_id":12685110123},"geometry":{"type":"Point","coordinates":[101.39021,2.96559]}},{"type":"Feature","properties":{"class":"neighbourhood","name":"Regent Garden","osm_id":12692545139},"geometry":{"type":"Point","coordinates":[101.48268,3.22159]}},{"type":"Feature","properties":{"class":"neighbourhood","name":"Kampung Seri Gambut","osm_id":12692587490},"geometry":{"type":"Point","coordinates":[101.5027,2.99335]}},{"type":"Feature","properties":{"class":"neighbourhood","name":"Setia Marina One","osm_id":12707492869},"geometry":{"type":"Point","coordinates":[101.63675,2.94299]}},{"type":"Feature","properties":{"class":"neighbourhood","name":"Taman Bukit Kuda","osm_id":12714138545},"geometry":{"type":"Point","coordinates":[101.46013,3.04304]}},{"type":"Feature","properties":{"class":"neighbourhood","name":"Taman Kampung Kuantan","osm_id":12714138555},"geometry":{"type":"Point","coordinates":[101.46257,3.04004]}},{"type":"Feature","properties":{"class":"neighbourhood","name":"Taman Bunga Melor","osm_id":12714330502},"geometry":{"type":"Point","coordinates":[101.44893,3.07057]}},{"type":"Feature","properties":{"class":"neighbourhood","name":"Taman Seri Pekan","osm_id":12714330511},"geometry":{"type":"Point","coordinates":[101.44595,3.07989]}},{"type":"Feature","properties":{"class":"neighbourhood","name":"Taman Dato' Bandar","osm_id":12714330515},"geometry":{"type":"Point","coordinates":[101.4398,3.11901]}},{"type":"Feature","properties":{"class":"neighbourhood","name":"Taman Meru Jaya","osm_id":12714330516},"geometry":{"type":"Point","coordinates":[101.44003,3.12413]}},{"type":"Feature","properties":{"class":"neighbourhood","name":"Taman Meru Sejahtera","osm_id":12714330523},"geometry":{"type":"Point","coordinates":[101.43836,3.13008]}},{"type":"Feature","properties":{"class":"neighbourhood","name":"Taman Seri Puteri","osm_id":12714330530},"geometry":{"type":"Point","coordinates":[101.4352,3.13468]}},{"type":"Feature","properties":{"class":"neighbourhood","name":"Taman Meru Mulia","osm_id":12714330532},"geometry":{"type":"Point","coordinates":[101.42982,3.13447]}},{"type":"Feature","properties":{"class":"neighbourhood","name":"Taman Meru Indah","osm_id":12714330536},"geometry":{"type":"Point","coordinates":[101.41823,3.13335]}},{"type":"Feature","properties":{"class":"neighbourhood","name":"Taman Meru IV","osm_id":12714330537},"geometry":{"type":"Point","coordinates":[101.41635,3.13528]}},{"type":"Feature","properties":{"class":"neighbourhood","name":"Taman Meru 4","osm_id":12714330538},"geometry":{"type":"Point","coordinates":[101.41302,3.13527]}},{"type":"Feature","properties":{"class":"neighbourhood","name":"Taman Meru Impian 2","osm_id":12714330547},"geometry":{"type":"Point","coordinates":[101.4102,3.1376]}},{"type":"Feature","properties":{"class":"neighbourhood","name":"Taman Emas","osm_id":12714330554},"geometry":{"type":"Point","coordinates":[101.39279,3.13503]}},{"type":"Feature","properties":{"class":"neighbourhood","name":"Taman Putra Baru","osm_id":12714330555},"geometry":{"type":"Point","coordinates":[101.39033,3.13479]}},{"type":"Feature","properties":{"class":"neighbourhood","name":"Taman Pin Ke","osm_id":12714330558},"geometry":{"type":"Point","coordinates":[101.37855,3.13538]}},{"type":"Feature","properties":{"class":"neighbourhood","name":"Desa Jasmin","osm_id":12718998863},"geometry":{"type":"Point","coordinates":[101.79143,2.80626]}},{"type":"Feature","properties":{"class":"neighbourhood","name":"Warisan Villa","osm_id":12718998924},"geometry":{"type":"Point","coordinates":[101.77487,2.80114]}},{"type":"Feature","properties":{"class":"neighbourhood","name":"Bayu 1","osm_id":12718998980},"geometry":{"type":"Point","coordinates":[101.7629,2.8103]}},{"type":"Feature","properties":{"class":"neighbourhood","name":"Kampung Teluk Menegun","osm_id":12731352448},"geometry":{"type":"Point","coordinates":[101.47727,3.03245]}},{"type":"Feature","properties":{"class":"neighbourhood","name":"Bukit Kemuning","osm_id":12731666385},"geometry":{"type":"Point","coordinates":[101.52917,3.01644]}},{"type":"Feature","properties":{"class":"neighbourhood","name":"Taman Perwira Indah","osm_id":12746041863},"geometry":{"type":"Point","coordinates":[101.71702,3.22683]}},{"type":"Feature","properties":{"class":"neighbourhood","name":"Taman Setia","osm_id":12746041864},"geometry":{"type":"Point","coordinates":[101.71918,3.22364]}},{"type":"Feature","properties":{"class":"neighbourhood","name":"Taman Seruling Jaya","osm_id":12747200614},"geometry":{"type":"Point","coordinates":[101.91041,2.72315]}},{"type":"Feature","properties":{"class":"neighbourhood","name":"Sime Darby Plantation Ladang Labu Divisyen Kirby","osm_id":12747355170},"geometry":{"type":"Point","coordinates":[101.84279,2.7409]}},{"type":"Feature","properties":{"class":"neighbourhood","name":"Taman Labu Indah","osm_id":12747355181},"geometry":{"type":"Point","coordinates":[101.8231,2.75295]}},{"type":"Feature","properties":{"class":"neighbourhood","name":"Taman Ban Aik","osm_id":12753357107},"geometry":{"type":"Point","coordinates":[101.79245,2.80057]}},{"type":"Feature","properties":{"class":"neighbourhood","name":"Taman Kayu Manis","osm_id":12754039811},"geometry":{"type":"Point","coordinates":[101.97219,2.73789]}},{"type":"Feature","properties":{"class":"neighbourhood","name":"Taman Bukit Ampangan","osm_id":12754042546},"geometry":{"type":"Point","coordinates":[101.95771,2.72612]}},{"type":"Feature","properties":{"class":"village","name":"Kampung Baru Ulu Beranang","osm_id":12783341160},"geometry":{"type":"Point","coordinates":[101.92762,2.89486]}},{"type":"Feature","properties":{"class":"village","name":"Kampung Melayu Batu 16","osm_id":12802419851},"geometry":{"type":"Point","coordinates":[101.59523,3.30617]}},{"type":"Feature","properties":{"class":"neighbourhood","name":"Desa Kolej Putra Nilai","osm_id":12803535644},"geometry":{"type":"Point","coordinates":[101.77721,2.81382]}},{"type":"Feature","properties":{"class":"neighbourhood","name":"Kajang East Precinct 1","osm_id":12822106852},"geometry":{"type":"Point","coordinates":[101.83353,2.95704]}},{"type":"Feature","properties":{"class":"neighbourhood","name":"Kajang East Precinct 2","osm_id":12822106853},"geometry":{"type":"Point","coordinates":[101.83242,2.95584]}},{"type":"Feature","properties":{"class":"village","name":"Kampung Bandar","osm_id":12846814886},"geometry":{"type":"Point","coordinates":[101.44032,2.8635]}},{"type":"Feature","properties":{"class":"neighbourhood","name":"Puchong Indah","osm_id":12911875969},"geometry":{"type":"Point","coordinates":[101.60786,3.01244]}},{"type":"Feature","properties":{"class":"neighbourhood","name":"Kampung Bahagia","osm_id":12921596177},"geometry":{"type":"Point","coordinates":[101.96807,2.72898]}},{"type":"Feature","properties":{"class":"neighbourhood","name":"Taman Puchong Prima","osm_id":12945411000},"geometry":{"type":"Point","coordinates":[101.59755,2.99968]}},{"type":"Feature","properties":{"class":"neighbourhood","name":"Puchong Permai","osm_id":12945458601},"geometry":{"type":"Point","coordinates":[101.59822,3.00668]}},{"type":"Feature","properties":{"class":"neighbourhood","name":"Taman Puchong Intan","osm_id":12945458728},"geometry":{"type":"Point","coordinates":[101.60785,3.01756]}},{"type":"Feature","properties":{"class":"suburb","name":"Bandar Puteri Puchong","osm_id":12946391737},"geometry":{"type":"Point","coordinates":[101.62455,3.01768]}},{"type":"Feature","properties":{"class":"suburb","name":"Bandar Puchong Jaya","osm_id":12946456691},"geometry":{"type":"Point","coordinates":[101.62406,3.0528]}},{"type":"Feature","properties":{"class":"neighbourhood","name":"Kampung Delek Kiri","osm_id":12959314634},"geometry":{"type":"Point","coordinates":[101.41434,3.02614]}},{"type":"Feature","properties":{"class":"neighbourhood","name":"Kampung Attap","osm_id":12961204298},"geometry":{"type":"Point","coordinates":[101.69658,3.13765]}},{"type":"Feature","properties":{"class":"neighbourhood","name":"Anggun 3","osm_id":12994093628},"geometry":{"type":"Point","coordinates":[101.53357,3.30856]}},{"type":"Feature","properties":{"class":"neighbourhood","name":"Taman Bangsar","osm_id":12997638829},"geometry":{"type":"Point","coordinates":[101.67334,3.13268]}},{"type":"Feature","properties":{"class":"neighbourhood","name":"Bukit Bangsar","osm_id":12997638838},"geometry":{"type":"Point","coordinates":[101.67768,3.13017]}},{"type":"Feature","properties":{"class":"neighbourhood","name":"Bukit Persekutuan","osm_id":12997638848},"geometry":{"type":"Point","coordinates":[101.67906,3.13859]}},{"type":"Feature","properties":{"class":"neighbourhood","name":"Pinggiran TTDI","osm_id":12999632788},"geometry":{"type":"Point","coordinates":[101.6267,3.15832]}},{"type":"Feature","properties":{"class":"neighbourhood","name":"Bukit Kiara","osm_id":12999632982},"geometry":{"type":"Point","coordinates":[101.6449,3.14044]}},{"type":"Feature","properties":{"class":"neighbourhood","name":"Taman Metropolitan Kepong","osm_id":13001808191},"geometry":{"type":"Point","coordinates":[101.64345,3.22055]}},{"type":"Feature","properties":{"class":"neighbourhood","name":"Kampung Bukit Kapar","osm_id":13039590645},"geometry":{"type":"Point","coordinates":[101.42726,3.16277]}},{"type":"Feature","properties":{"class":"neighbourhood","name":"Taman Sri Segambut","osm_id":13068067716},"geometry":{"type":"Point","coordinates":[101.65651,3.19746]}},{"type":"Feature","properties":{"class":"neighbourhood","name":"Kampung Lembah Melewar","osm_id":13082085429},"geometry":{"type":"Point","coordinates":[101.69961,3.21793]}},{"type":"Feature","properties":{"class":"neighbourhood","name":"Putra Avenue","osm_id":13144128544},"geometry":{"type":"Point","coordinates":[101.58134,2.99738]}},{"type":"Feature","properties":{"class":"neighbourhood","name":"Taman Maznah","osm_id":13176941465},"geometry":{"type":"Point","coordinates":[101.47652,3.02694]}},{"type":"Feature","properties":{"class":"neighbourhood","name":"Taman Desa Sentosa","osm_id":13200944205},"geometry":{"type":"Point","coordinates":[101.83296,3.13982]}},{"type":"Feature","properties":{"class":"neighbourhood","name":"Taman Perkasa","osm_id":13202885788},"geometry":{"type":"Point","coordinates":[101.7984,3.1026]}},{"type":"Feature","properties":{"class":"neighbourhood","name":"Palais du Papillon","osm_id":13283677202},"geometry":{"type":"Point","coordinates":[101.74068,3.11886]}},{"type":"Feature","properties":{"class":"neighbourhood","name":"Fasa 9","osm_id":13307862841},"geometry":{"type":"Point","coordinates":[101.53506,3.33256]}},{"type":"Feature","properties":{"class":"neighbourhood","name":"Amethyst 2","osm_id":13307918169},"geometry":{"type":"Point","coordinates":[101.56126,3.31868]}},{"type":"Feature","properties":{"class":"neighbourhood","name":"Amethyst 1","osm_id":13307918170},"geometry":{"type":"Point","coordinates":[101.56159,3.31489]}},{"type":"Feature","properties":{"class":"neighbourhood","name":"Taman Sri Antan","osm_id":13352804709},"geometry":{"type":"Point","coordinates":[101.78998,3.00087]}},{"type":"Feature","properties":{"class":"neighbourhood","name":"Taman Bayu Sijangkang","osm_id":13427912789},"geometry":{"type":"Point","coordinates":[101.46563,2.95089]}},{"type":"Feature","properties":{"class":"neighbourhood","name":"Taman Desa Suria","osm_id":13444696125},"geometry":{"type":"Point","coordinates":[101.59987,3.11417]}},{"type":"Feature","properties":{"class":"neighbourhood","name":"Taman Mulia","osm_id":13481679596},"geometry":{"type":"Point","coordinates":[101.71342,3.09153]}},{"type":"Feature","properties":{"class":"neighbourhood","name":"Taman Angsana Bangi","osm_id":13484240943},"geometry":{"type":"Point","coordinates":[101.78165,2.9004]}},{"type":"Feature","properties":{"class":"neighbourhood","name":"Laman 2","osm_id":13484495503},"geometry":{"type":"Point","coordinates":[101.78544,2.88515]}},{"type":"Feature","properties":{"class":"neighbourhood","name":"Putra Terrace","osm_id":13484495505},"geometry":{"type":"Point","coordinates":[101.78234,2.88571]}},{"type":"Feature","properties":{"class":"neighbourhood","name":"Taman Alam Shah","osm_id":13510108144},"geometry":{"type":"Point","coordinates":[101.47088,3.03178]}},{"type":"Feature","properties":{"class":"neighbourhood","name":"Karya Residensi","osm_id":13510108145},"geometry":{"type":"Point","coordinates":[101.46853,3.03084]}},{"type":"Feature","properties":{"class":"neighbourhood","name":"Taman Bijaya","osm_id":13510108146},"geometry":{"type":"Point","coordinates":[101.467,3.02784]}},{"type":"Feature","properties":{"class":"suburb","name":"Bandar Cybersouth","osm_id":13645740930},"geometry":{"type":"Point","coordinates":[101.65563,2.87209]}},{"type":"Feature","properties":{"class":"neighbourhood","name":"Taman Sri Tanjung","osm_id":13701110158},"geometry":{"type":"Point","coordinates":[101.85086,2.95536]}},{"type":"Feature","properties":{"class":"neighbourhood","name":"Kampung Dato Karim","osm_id":13752582612},"geometry":{"type":"Point","coordinates":[101.67544,3.24187]}},{"type":"Feature","properties":{"class":"neighbourhood","name":"Taman Bukit Tinggi","osm_id":13758738532},"geometry":{"type":"Point","coordinates":[101.81566,3.35565]}},{"type":"Feature","properties":{"class":"neighbourhood","name":"Taman Seri Bukit Tinggi","osm_id":13758762650},"geometry":{"type":"Point","coordinates":[101.81879,3.35225]}},{"type":"Feature","properties":{"class":"neighbourhood","name":"Taman Wangsa Permai Fasa 1","osm_id":13791654226},"geometry":{"type":"Point","coordinates":[101.61349,3.20822]}},{"type":"Feature","properties":{"class":"neighbourhood","name":"Taman Gombak Permai 1","osm_id":13799486240},"geometry":{"type":"Point","coordinates":[101.68895,3.25129]}},{"type":"Feature","properties":{"class":"neighbourhood","name":"Berjaya Hills Villas","osm_id":13838844424},"geometry":{"type":"Point","coordinates":[101.8435,3.39529]}},{"type":"Feature","properties":{"class":"neighbourhood","name":"Ferrous","osm_id":13890403346},"geometry":{"type":"Point","coordinates":[101.50519,3.0271]}},{"type":"Feature","properties":{"class":"neighbourhood","name":"Aria","osm_id":13893331961},"geometry":{"type":"Point","coordinates":[101.50121,3.01477]}},{"type":"Feature","properties":{"class":"neighbourhood","name":"Melodia","osm_id":13893405182},"geometry":{"type":"Point","coordinates":[101.50067,3.01363]}},{"type":"Feature","properties":{"class":"neighbourhood","name":"Hamlet","osm_id":13893774341},"geometry":{"type":"Point","coordinates":[101.50909,3.02199]}},{"type":"Feature","properties":{"class":"neighbourhood","name":"Casablanca","osm_id":13893925047},"geometry":{"type":"Point","coordinates":[101.50763,3.02114]}},{"type":"Feature","properties":{"class":"neighbourhood","name":"Casa D'Arcadia","osm_id":13894988875},"geometry":{"type":"Point","coordinates":[101.50448,3.01956]}},{"type":"Feature","properties":{"class":"neighbourhood","name":"Orkestra","osm_id":13897921545},"geometry":{"type":"Point","coordinates":[101.50238,3.01283]}},{"type":"Feature","properties":{"class":"neighbourhood","name":"Clarino","osm_id":13897945807},"geometry":{"type":"Point","coordinates":[101.50373,3.01357]}},{"type":"Feature","properties":{"class":"neighbourhood","name":"Fleita","osm_id":13897981438},"geometry":{"type":"Point","coordinates":[101.50306,3.01472]}},{"type":"Feature","properties":{"class":"neighbourhood","name":"Pandura","osm_id":13897999847},"geometry":{"type":"Point","coordinates":[101.50501,3.0157]}},{"type":"Feature","properties":{"class":"neighbourhood","name":"Viola","osm_id":13898022099},"geometry":{"type":"Point","coordinates":[101.50342,3.01679]}},{"type":"Feature","properties":{"class":"neighbourhood","name":"Althea","osm_id":13898171187},"geometry":{"type":"Point","coordinates":[101.51153,3.02212]}},{"type":"Feature","properties":{"class":"neighbourhood","name":"Tari","osm_id":13898616784},"geometry":{"type":"Point","coordinates":[101.51096,3.02094]}},{"type":"Feature","properties":{"class":"neighbourhood","name":"Tinta","osm_id":13898901414},"geometry":{"type":"Point","coordinates":[101.52061,3.02528]}},{"type":"Feature","properties":{"class":"neighbourhood","name":"Nukilan 1 & 2","osm_id":13899459157},"geometry":{"type":"Point","coordinates":[101.52056,3.02221]}},{"type":"Feature","properties":{"class":"neighbourhood","name":"Nukilan 3B","osm_id":13899474949},"geometry":{"type":"Point","coordinates":[101.52031,3.02026]}},{"type":"Feature","properties":{"class":"neighbourhood","name":"Nukilan 3A","osm_id":13899474952},"geometry":{"type":"Point","coordinates":[101.52103,3.02292]}},{"type":"Feature","properties":{"class":"neighbourhood","name":"Ukiran","osm_id":13900227271},"geometry":{"type":"Point","coordinates":[101.51927,3.02106]}},{"type":"Feature","properties":{"class":"neighbourhood","name":"Tenun","osm_id":13900528572},"geometry":{"type":"Point","coordinates":[101.51598,3.01622]}},{"type":"Feature","properties":{"class":"neighbourhood","name":"Lukisan","osm_id":13905107703},"geometry":{"type":"Point","coordinates":[101.51769,3.02294]}},{"type":"Feature","properties":{"class":"neighbourhood","name":"Arca","osm_id":13906914742},"geometry":{"type":"Point","coordinates":[101.51687,3.0209]}},{"type":"Feature","properties":{"class":"neighbourhood","name":"Karya","osm_id":13906914743},"geometry":{"type":"Point","coordinates":[101.51705,3.02139]}},{"type":"Feature","properties":{"class":"neighbourhood","name":"Canting","osm_id":13909364164},"geometry":{"type":"Point","coordinates":[101.5151,3.0169]}},{"type":"Feature","properties":{"class":"neighbourhood","name":"Pentas","osm_id":13912121152},"geometry":{"type":"Point","coordinates":[101.50909,3.01591]}},{"type":"Feature","properties":{"class":"neighbourhood","name":"Taman Impian Broga","osm_id":13970657631},"geometry":{"type":"Point","coordinates":[101.90897,2.93855]}},{"type":"Feature","properties":{"class":"neighbourhood","name":"Taman Pelabuhan","osm_id":14006037980},"geometry":{"type":"Point","coordinates":[101.41184,3.02048]}},{"type":"Feature","properties":{"class":"neighbourhood","name":"Taman Melawis","osm_id":14006038012},"geometry":{"type":"Point","coordinates":[101.4369,3.04271]}},{"type":"Feature","properties":{"class":"neighbourhood","name":"Taman Sri Gadong","osm_id":14006038018},"geometry":{"type":"Point","coordinates":[101.42245,3.02924]}},{"type":"Feature","properties":{"class":"neighbourhood","name":"Taman Nilam Sari","osm_id":14045983031},"geometry":{"type":"Point","coordinates":[101.93519,2.76873]}},{"type":"Feature","properties":{"class":"neighbourhood","name":"Taman Nee Yan","osm_id":14045983043},"geometry":{"type":"Point","coordinates":[101.93839,2.74335]}},{"type":"Feature","properties":{"class":"neighbourhood","name":"Putra Permai Seksyen 10","osm_id":14047937083},"geometry":{"type":"Point","coordinates":[101.56991,2.9869]}},{"type":"Feature","properties":{"class":"neighbourhood","name":"Essex Garden","osm_id":14049209588},"geometry":{"type":"Point","coordinates":[101.64628,3.30026]}},{"type":"Feature","properties":{"class":"neighbourhood","name":"Gaia","osm_id":14049209594},"geometry":{"type":"Point","coordinates":[101.64141,3.29587]}},{"type":"Feature","properties":{"class":"neighbourhood","name":"Peranakan Straits","osm_id":14049209595},"geometry":{"type":"Point","coordinates":[101.64044,3.29209]}},{"type":"Feature","properties":{"class":"neighbourhood","name":"Taman Daya Pertama","osm_id":14049215696},"geometry":{"type":"Point","coordinates":[101.58645,3.35196]}},{"type":"Feature","properties":{"class":"neighbourhood","name":"Perumahan Daisi","osm_id":14049240937},"geometry":{"type":"Point","coordinates":[101.5715,3.40062]}},{"type":"Feature","properties":{"class":"neighbourhood","name":"Seksyen BS2","osm_id":14049240940},"geometry":{"type":"Point","coordinates":[101.56448,3.40173]}},{"type":"Feature","properties":{"class":"neighbourhood","name":"Taman Cheras Jaya Fasa 4","osm_id":14079749838},"geometry":{"type":"Point","coordinates":[101.76154,3.01756]}},{"type":"Feature","properties":{"class":"neighbourhood","name":"Impian Prisma 3","osm_id":14093443407},"geometry":{"type":"Point","coordinates":[101.51114,3.03324]}}]}
