{"type":"FeatureCollection","metadata":{"bounds":[[101.6345,2.907,101.643,2.9155],[101.636,2.9145,101.6455,2.9235]],"source":"OpenStreetMap API extracts","sourceDate":"2026-08-24","license":"ODbL-1.0"},"features":[{"type":"Feature","properties":{"osm_id":133480499,"building":"yes"},"geometry":{"type":"Polygon","coordinates":[[[101.6437768,2.9239319],[101.6437235,2.9237299],[101.6439498,2.9236342],[101.6442639,2.9235332],[101.644703,2.9234109],[101.6447616,2.9236236],[101.6445673,2.9237219],[101.6443144,2.923807],[101.644003,2.9239133],[101.6437768,2.9239319]]]}},{"type":"Feature","properties":{"osm_id":136048334,"building":"residential","levels":"5"},"geometry":{"type":"Polygon","coordinates":[[[101.6395587,2.923188],[101.6399296,2.9228202],[101.6400079,2.9228989],[101.639637,2.9232668],[101.6395587,2.923188]]]}},{"type":"Feature","properties":{"osm_id":136048335,"building":"residential","levels":"5"},"geometry":{"type":"Polygon","coordinates":[[[101.6392704,2.9239406],[101.639265,2.9231526],[101.6393723,2.9231519],[101.6393778,2.9239398],[101.6392704,2.9239406]]]}},{"type":"Feature","properties":{"osm_id":136048342,"building":"residential","levels":"5"},"geometry":{"type":"Polygon","coordinates":[[[101.639976,2.9237241],[101.6399815,2.9234304],[101.6400937,2.9234325],[101.6400881,2.9237262],[101.639976,2.9237241]]]}},{"type":"Feature","properties":{"osm_id":136048343,"building":"residential","levels":"5"},"geometry":{"type":"Polygon","coordinates":[[[101.6395379,2.9238098],[101.6395392,2.9233125],[101.6396559,2.9233128],[101.6396546,2.9238101],[101.6395379,2.9238098]]]}},{"type":"Feature","properties":{"osm_id":136048345,"building":"apartments","name":"Block A2","levels":"12"},"geometry":{"type":"Polygon","coordinates":[[[101.6385534,2.922968],[101.6385528,2.9226246],[101.6389159,2.922624],[101.6389165,2.9229673],[101.6385534,2.922968]]]}},{"type":"Feature","properties":{"osm_id":136048351,"building":"apartments","name":"Block A3","levels":"12"},"geometry":{"type":"Polygon","coordinates":[[[101.6381404,2.9233049],[101.6381441,2.9229706],[101.6385199,2.9229746],[101.6385163,2.923309],[101.6381404,2.9233049]]]}},{"type":"Feature","properties":{"osm_id":136048352,"building":"residential","levels":"5"},"geometry":{"type":"Polygon","coordinates":[[[101.6397414,2.9232875],[101.6399553,2.9230876],[101.640026,2.923163],[101.6398121,2.9233629],[101.6397414,2.9232875]]]}},{"type":"Feature","properties":{"osm_id":136048358,"building":"residential","levels":"5"},"geometry":{"type":"Polygon","coordinates":[[[101.6397178,2.923765],[101.6397276,2.923375],[101.639832,2.9233776],[101.6398221,2.9237676],[101.6397178,2.923765]]]}},{"type":"Feature","properties":{"osm_id":136048359,"building":"apartments","name":"Block A1","levels":"12"},"geometry":{"type":"Polygon","coordinates":[[[101.6381242,2.9226183],[101.6385091,2.9226197],[101.6385102,2.9222866],[101.6381254,2.9222853],[101.6381242,2.9226183]]]}},{"type":"Feature","properties":{"osm_id":136048360,"building":"residential","name":"Cyberia SmartHomes Block A1","levels":"5"},"geometry":{"type":"Polygon","coordinates":[[[101.6393205,2.9230681],[101.6394086,2.9231507],[101.6398319,2.9227002],[101.6397438,2.9226176],[101.6393205,2.9230681]]]}},{"type":"Feature","properties":{"osm_id":303571943,"building":"yes"},"geometry":{"type":"Polygon","coordinates":[[[101.6448553,2.9211896],[101.6449438,2.9211012],[101.6449894,2.9211387],[101.6449009,2.9212378],[101.6448553,2.9211896]]]}},{"type":"Feature","properties":{"osm_id":303571951,"building":"roof"},"geometry":{"type":"Polygon","coordinates":[[[101.6407943,2.9223541],[101.6408014,2.9223129],[101.6408812,2.9223266],[101.6408742,2.9223678],[101.6407943,2.9223541]]]}},{"type":"Feature","properties":{"osm_id":303572378,"building":"yes"},"geometry":{"type":"Polygon","coordinates":[[[101.6424662,2.9219595],[101.6425486,2.9217977],[101.642949,2.9219916],[101.6428758,2.9221352],[101.6424662,2.9219595]]]}},{"type":"Feature","properties":{"osm_id":303572379,"building":"yes"},"geometry":{"type":"Polygon","coordinates":[[[101.6416972,2.92154],[101.6417831,2.9213953],[101.6421497,2.9215791],[101.642062,2.9217409],[101.6416972,2.92154]]]}},{"type":"Feature","properties":{"osm_id":303572381,"building":"roof"},"geometry":{"type":"Polygon","coordinates":[[[101.6429383,2.9221148],[101.643008,2.9219648],[101.6430528,2.9219852],[101.6429723,2.9221405],[101.6429383,2.9221148]]]}},{"type":"Feature","properties":{"osm_id":303572382,"building":"yes"},"geometry":{"type":"Polygon","coordinates":[[[101.642249,2.9223747],[101.642249,2.9221979],[101.642654,2.9222139],[101.6426566,2.9223934],[101.642249,2.9223747]]]}},{"type":"Feature","properties":{"osm_id":303572383,"building":"yes"},"geometry":{"type":"Polygon","coordinates":[[[101.6413209,2.9213085],[101.6414014,2.9211719],[101.6413701,2.9211529],[101.641283,2.9211083],[101.6412699,2.9211023],[101.6412351,2.9211532],[101.6412574,2.921163],[101.6413075,2.9211853],[101.6412565,2.9212817],[101.6412742,2.9212891],[101.6413209,2.9213085]]]}},{"type":"Feature","properties":{"osm_id":303572384,"building":"yes"},"geometry":{"type":"Polygon","coordinates":[[[101.641734,2.9223211],[101.6417393,2.9221577],[101.6422007,2.9221952],[101.6421909,2.9223637],[101.641734,2.9223211]]]}},{"type":"Feature","properties":{"osm_id":303572385,"building":"yes"},"geometry":{"type":"Polygon","coordinates":[[[101.6413251,2.9213401],[101.6414109,2.9211901],[101.6417641,2.9213792],[101.6416711,2.921541],[101.6413251,2.9213401]]]}},{"type":"Feature","properties":{"osm_id":303572387,"building":"mosque"},"geometry":{"type":"Polygon","coordinates":[[[101.6422034,2.9220505],[101.6423501,2.9219798],[101.6423876,2.9220923],[101.6422302,2.9221523],[101.6422034,2.9220505]]]}},{"type":"Feature","properties":{"osm_id":303572388,"building":"yes"},"geometry":{"type":"Polygon","coordinates":[[[101.643243,2.9210832],[101.6432256,2.9203304],[101.6436411,2.9203209],[101.6436583,2.9210736],[101.643243,2.9210832]]]}},{"type":"Feature","properties":{"osm_id":303572389,"building":"yes"},"geometry":{"type":"Polygon","coordinates":[[[101.6412002,2.9216407],[101.6413079,2.9214444],[101.6422516,2.9219487],[101.6422213,2.922012],[101.6421712,2.9219862],[101.6421148,2.9220987],[101.6419593,2.9220398],[101.6412002,2.9216407]]]}},{"type":"Feature","properties":{"osm_id":303572390,"building":"yes"},"geometry":{"type":"Polygon","coordinates":[[[101.6432011,2.9223666],[101.6431877,2.9221898],[101.6426888,2.9222139],[101.6427026,2.9223945],[101.6432011,2.9223666]]]}},{"type":"Feature","properties":{"osm_id":303572391,"building":"apartments"},"geometry":{"type":"Polygon","coordinates":[[[101.6416197,2.9220019],[101.6415596,2.9223238],[101.6414765,2.9223077],[101.6414926,2.9222407],[101.6414523,2.9222327],[101.6414435,2.9222879],[101.6412834,2.9222488],[101.6412136,2.9221979],[101.6411948,2.9222273],[101.6411305,2.9221845],[101.6411519,2.9221389],[101.6411251,2.9221255],[101.6411063,2.9221738],[101.640999,2.9221202],[101.6410259,2.9220693],[101.6409937,2.9220505],[101.6409714,2.922103],[101.6409052,2.9220693],[101.6409159,2.9220345],[101.6409374,2.9220425],[101.6409695,2.9219782],[101.6409454,2.9219621],[101.6409776,2.9218952],[101.6410036,2.9219048],[101.64105,2.9217987],[101.6412611,2.9218914],[101.6413442,2.9219262],[101.6416197,2.9220019]]]}},{"type":"Feature","properties":{"osm_id":303572394,"building":"yes"},"geometry":{"type":"Polygon","coordinates":[[[101.6420987,2.9217586],[101.6421765,2.9215978],[101.6425244,2.9217789],[101.6424367,2.9219461],[101.6420987,2.9217586]]]}},{"type":"Feature","properties":{"osm_id":303572396,"building":"roof"},"geometry":{"type":"Polygon","coordinates":[[[101.6430938,2.922013],[101.6431421,2.922013],[101.6431421,2.922072],[101.643287,2.922072],[101.6433049,2.9221191],[101.643085,2.9221245],[101.6430938,2.922013]]]}},{"type":"Feature","properties":{"osm_id":303572398,"building":"yes"},"geometry":{"type":"Polygon","coordinates":[[[101.6432513,2.9223655],[101.6432352,2.9221888],[101.6436375,2.9221405],[101.6436536,2.92232],[101.6432513,2.9223655]]]}},{"type":"Feature","properties":{"osm_id":303572566,"building":"yes"},"geometry":{"type":"Polygon","coordinates":[[[101.6414631,2.9206792],[101.6414631,2.9206363],[101.6415006,2.9206363],[101.6415006,2.9206765],[101.6414631,2.9206792]]]}},{"type":"Feature","properties":{"osm_id":303572567,"building":"roof"},"geometry":{"type":"Polygon","coordinates":[[[101.6412619,2.9205292],[101.6412592,2.9204783],[101.6414274,2.9204737],[101.641455,2.9204729],[101.6414569,2.9205279],[101.6412619,2.9205292]]]}},{"type":"Feature","properties":{"osm_id":303572568,"building":"yes"},"geometry":{"type":"Polygon","coordinates":[[[101.64208,2.9208613],[101.6421295,2.9207627],[101.6422991,2.9208387],[101.642249,2.920939],[101.64208,2.9208613]]]}},{"type":"Feature","properties":{"osm_id":303572575,"building":"office","name":"TM Cyberjaya"},"geometry":{"type":"Polygon","coordinates":[[[101.6418535,2.9201188],[101.64185,2.9206667],[101.6416389,2.9206679],[101.6416201,2.9206572],[101.6416174,2.9206358],[101.6415852,2.9206063],[101.6415879,2.9205634],[101.6416067,2.9205367],[101.6416408,2.9205328],[101.6416389,2.9205099],[101.6415987,2.9205099],[101.641604,2.9201429],[101.6417006,2.9201429],[101.6417006,2.9201241],[101.6418535,2.9201188]]]}},{"type":"Feature","properties":{"osm_id":303573876,"building":"yes","name":"Electrical House"},"geometry":{"type":"Polygon","coordinates":[[[101.6395777,2.9185912],[101.6395281,2.9184055],[101.6396008,2.9183861],[101.6396504,2.9185718],[101.6395777,2.9185912]]]}},{"type":"Feature","properties":{"osm_id":303573886,"building":"yes","name":"Security Room"},"geometry":{"type":"Polygon","coordinates":[[[101.6395238,2.9182817],[101.6395614,2.9181799],[101.6396579,2.9182094],[101.6396249,2.9182912],[101.6395836,2.9182742],[101.6395779,2.9182954],[101.6395238,2.9182817]]]}},{"type":"Feature","properties":{"osm_id":303573893,"building":"yes"},"geometry":{"type":"Polygon","coordinates":[[[101.6380477,2.9198604],[101.6380495,2.9196193],[101.6381648,2.9196202],[101.638163,2.9198612],[101.6380477,2.9198604]]]}},{"type":"Feature","properties":{"osm_id":303573897,"building":"yes","name":"Guard Post"},"geometry":{"type":"Polygon","coordinates":[[[101.6397209,2.9186401],[101.6397077,2.9185878],[101.6397774,2.9185702],[101.6397906,2.9186225],[101.6397209,2.9186401]]]}},{"type":"Feature","properties":{"osm_id":303573900,"building":"hut"},"geometry":{"type":"Polygon","coordinates":[[[101.6400542,2.9200065],[101.6400421,2.9199694],[101.6400836,2.9199558],[101.6400958,2.9199929],[101.6400542,2.9200065]]]}},{"type":"Feature","properties":{"osm_id":303573902,"building":"yes"},"geometry":{"type":"Polygon","coordinates":[[[101.6379601,2.9190157],[101.6379601,2.9189594],[101.6380191,2.9189621],[101.638021,2.9190198],[101.6379601,2.9190157]]]}},{"type":"Feature","properties":{"osm_id":303573905,"building":"yes"},"geometry":{"type":"Polygon","coordinates":[[[101.6395909,2.9191201],[101.6395775,2.9190746],[101.6397116,2.9190344],[101.6397223,2.9190773],[101.6395909,2.9191201]]]}},{"type":"Feature","properties":{"osm_id":303573907,"building":"yes"},"geometry":{"type":"Polygon","coordinates":[[[101.6380381,2.919254],[101.6380486,2.9190342],[101.6380852,2.919036],[101.6380747,2.9192558],[101.6380381,2.919254]]]}},{"type":"Feature","properties":{"osm_id":303573908,"building":"yes"},"geometry":{"type":"Polygon","coordinates":[[[101.6397652,2.9189969],[101.6397116,2.9187933],[101.6397384,2.9187826],[101.6397947,2.9189889],[101.6397652,2.9189969]]]}},{"type":"Feature","properties":{"osm_id":303573913,"building":"yes"},"geometry":{"type":"Polygon","coordinates":[[[101.6380232,2.9194055],[101.6380231,2.9193612],[101.6380647,2.9193612],[101.6380647,2.9194054],[101.6380232,2.9194055]]]}},{"type":"Feature","properties":{"osm_id":480386784,"building":"commercial"},"geometry":{"type":"Polygon","coordinates":[[[101.6390587,2.9227494],[101.6391599,2.922651],[101.639355,2.9228511],[101.6392538,2.9229495],[101.6390587,2.9227494]]]}},{"type":"Feature","properties":{"osm_id":480386785,"building":"commercial"},"geometry":{"type":"Polygon","coordinates":[[[101.6390199,2.9226469],[101.6391631,2.9226451],[101.6391593,2.9223415],[101.6390161,2.9223433],[101.6390199,2.9226469]]]}},{"type":"Feature","properties":{"osm_id":581751690,"building":"yes"},"geometry":{"type":"Polygon","coordinates":[[[101.6451779,2.9230707],[101.6452361,2.9230723],[101.6452321,2.9229759],[101.6451803,2.9229767],[101.6451779,2.9230707]]]}},{"type":"Feature","properties":{"osm_id":581751691,"building":"yes"},"geometry":{"type":"Polygon","coordinates":[[[101.6450264,2.9230826],[101.6451388,2.9230818],[101.6451325,2.9229393],[101.6450248,2.9229441],[101.6450264,2.9230826]]]}},{"type":"Feature","properties":{"osm_id":581751692,"building":"yes"},"geometry":{"type":"Polygon","coordinates":[[[101.6454052,2.9230189],[101.6454267,2.9230317],[101.6455049,2.9230293],[101.6455089,2.9229018],[101.645406,2.9229026],[101.6454052,2.9230189]]]}},{"type":"Feature","properties":{"osm_id":581751693,"building":"yes"},"geometry":{"type":"Polygon","coordinates":[[[101.6452816,2.9229496],[101.6453406,2.9229496],[101.6453374,2.9228708],[101.6452808,2.9228676],[101.6452816,2.9229496]]]}},{"type":"Feature","properties":{"osm_id":581751696,"building":"house"},"geometry":{"type":"Polygon","coordinates":[[[101.6421298,2.918667],[101.6422558,2.918829],[101.642347,2.9187634],[101.6422156,2.9185933],[101.6421298,2.918667]]]}},{"type":"Feature","properties":{"osm_id":581751697,"building":"house"},"geometry":{"type":"Polygon","coordinates":[[[101.6422384,2.9185973],[101.6423564,2.9187447],[101.6424127,2.9187005],[101.6423001,2.9185505],[101.6422384,2.9185973]]]}},{"type":"Feature","properties":{"osm_id":581751698,"building":"house"},"geometry":{"type":"Polygon","coordinates":[[[101.6423323,2.9184862],[101.6424516,2.9186456],[101.6425307,2.9185933],[101.6424127,2.9184339],[101.6423323,2.9184862]]]}},{"type":"Feature","properties":{"osm_id":581751699,"building":"house"},"geometry":{"type":"Polygon","coordinates":[[[101.6424288,2.9184232],[101.6425401,2.9185759],[101.6425991,2.9185384],[101.6424825,2.918375],[101.6424288,2.9184232]]]}},{"type":"Feature","properties":{"osm_id":581751700,"building":"house"},"geometry":{"type":"Polygon","coordinates":[[[101.6425281,2.9183643],[101.6426394,2.9185022],[101.6427024,2.9184621],[101.6426032,2.9183147],[101.6425281,2.9183643]]]}},{"type":"Feature","properties":{"osm_id":581751701,"building":"house"},"geometry":{"type":"Polygon","coordinates":[[[101.642626,2.9183027],[101.6427386,2.9184634],[101.6427963,2.9184219],[101.642693,2.9182598],[101.642626,2.9183027]]]}},{"type":"Feature","properties":{"osm_id":581751702,"building":"house"},"geometry":{"type":"Polygon","coordinates":[[[101.6434346,2.9183804],[101.6435299,2.9183817],[101.6435325,2.9181821],[101.6434346,2.9181875],[101.6434346,2.9183804]]]}},{"type":"Feature","properties":{"osm_id":581752357,"building":"house"},"geometry":{"type":"Polygon","coordinates":[[[101.6435594,2.9183696],[101.6436318,2.9183683],[101.6436412,2.9181862],[101.6435513,2.9181875],[101.6435594,2.9183696]]]}},{"type":"Feature","properties":{"osm_id":581752358,"building":"house"},"geometry":{"type":"Polygon","coordinates":[[[101.6437176,2.9183924],[101.6437937,2.9183898],[101.6437954,2.9182009],[101.6437136,2.9182103],[101.6437176,2.9183924]]]}},{"type":"Feature","properties":{"osm_id":581752359,"building":"house"},"geometry":{"type":"Polygon","coordinates":[[[101.6438028,2.9183918],[101.6438893,2.9183991],[101.6438933,2.918217],[101.6438102,2.9182076],[101.6438028,2.9183918]]]}},{"type":"Feature","properties":{"osm_id":581752360,"building":"house"},"geometry":{"type":"Polygon","coordinates":[[[101.643959,2.9184286],[101.6440288,2.9184326],[101.6440274,2.9182478],[101.643951,2.9182478],[101.643959,2.9184286]]]}},{"type":"Feature","properties":{"osm_id":581752361,"building":"house"},"geometry":{"type":"Polygon","coordinates":[[[101.6440341,2.9184447],[101.6441213,2.9184433],[101.6441186,2.9182665],[101.6440475,2.9182598],[101.6440341,2.9184447]]]}},{"type":"Feature","properties":{"osm_id":581752362,"building":"house"},"geometry":{"type":"Polygon","coordinates":[[[101.6441709,2.9184929],[101.6442474,2.9185103],[101.6443023,2.9183228],[101.6442111,2.9183067],[101.6441709,2.9184929]]]}},{"type":"Feature","properties":{"osm_id":581752363,"building":"house"},"geometry":{"type":"Polygon","coordinates":[[[101.6442581,2.9185384],[101.6443399,2.9185438],[101.6443842,2.9183629],[101.6443131,2.9183589],[101.6442581,2.9185384]]]}},{"type":"Feature","properties":{"osm_id":581752364,"building":"house"},"geometry":{"type":"Polygon","coordinates":[[[101.6434387,2.9179437],[101.6435071,2.9179598],[101.6435674,2.9177669],[101.6434883,2.9177482],[101.6434387,2.9179437]]]}},{"type":"Feature","properties":{"osm_id":581752365,"building":"house"},"geometry":{"type":"Polygon","coordinates":[[[101.6435486,2.9179544],[101.6436237,2.9179732],[101.64366,2.9177803],[101.6435929,2.9177696],[101.6435486,2.9179544]]]}},{"type":"Feature","properties":{"osm_id":581752366,"building":"house"},"geometry":{"type":"Polygon","coordinates":[[[101.6436935,2.9179986],[101.6437605,2.9180094],[101.6438075,2.9178111],[101.6437216,2.9178071],[101.6436935,2.9179986]]]}},{"type":"Feature","properties":{"osm_id":581752367,"building":"house"},"geometry":{"type":"Polygon","coordinates":[[[101.6437994,2.9180094],[101.6438853,2.9180174],[101.6438973,2.9178165],[101.6438236,2.9178111],[101.6437994,2.9180094]]]}},{"type":"Feature","properties":{"osm_id":581752368,"building":"house"},"geometry":{"type":"Polygon","coordinates":[[[101.6439268,2.9180294],[101.6440033,2.9180375],[101.6440355,2.9178406],[101.643955,2.9178285],[101.6439268,2.9180294]]]}},{"type":"Feature","properties":{"osm_id":581752369,"building":"house"},"geometry":{"type":"Polygon","coordinates":[[[101.6440261,2.9180348],[101.6441052,2.9180469],[101.6441253,2.9178446],[101.6440596,2.9178419],[101.6440261,2.9180348]]]}},{"type":"Feature","properties":{"osm_id":581752370,"building":"house"},"geometry":{"type":"Polygon","coordinates":[[[101.6441401,2.9180603],[101.6442272,2.918071],[101.6442715,2.9178741],[101.6441843,2.9178607],[101.6441401,2.9180603]]]}},{"type":"Feature","properties":{"osm_id":581752371,"building":"house"},"geometry":{"type":"Polygon","coordinates":[[[101.644246,2.9180924],[101.6443305,2.9181045],[101.6443479,2.9179156],[101.6442836,2.9179062],[101.644246,2.9180924]]]}},{"type":"Feature","properties":{"osm_id":581752372,"building":"house"},"geometry":{"type":"Polygon","coordinates":[[[101.6434253,2.9176705],[101.6435044,2.9176665],[101.6434977,2.9174696],[101.6434159,2.9174709],[101.6434253,2.9176705]]]}},{"type":"Feature","properties":{"osm_id":581752373,"building":"house"},"geometry":{"type":"Polygon","coordinates":[[[101.6435178,2.9176625],[101.6436036,2.9176611],[101.6435875,2.9174669],[101.6435191,2.9174709],[101.6435178,2.9176625]]]}},{"type":"Feature","properties":{"osm_id":581752374,"building":"house"},"geometry":{"type":"Polygon","coordinates":[[[101.6436693,2.9176718],[101.6437444,2.9176651],[101.6437176,2.917479],[101.6436532,2.9174843],[101.6436693,2.9176718]]]}},{"type":"Feature","properties":{"osm_id":581752375,"building":"house"},"geometry":{"type":"Polygon","coordinates":[[[101.6437605,2.9176625],[101.6438289,2.9176584],[101.6438155,2.9174656],[101.6437364,2.9174709],[101.6437605,2.9176625]]]}},{"type":"Feature","properties":{"osm_id":581752376,"building":"house"},"geometry":{"type":"Polygon","coordinates":[[[101.6438799,2.9176531],[101.6439899,2.9176812],[101.6440221,2.917495],[101.6439188,2.9174642],[101.6438799,2.9176531]]]}},{"type":"Feature","properties":{"osm_id":581752377,"building":"house"},"geometry":{"type":"Polygon","coordinates":[[[101.6439899,2.9176812],[101.6440703,2.9176986],[101.6441159,2.9175245],[101.6440381,2.9175044],[101.6439899,2.9176812]]]}},{"type":"Feature","properties":{"osm_id":581752378,"building":"house"},"geometry":{"type":"Polygon","coordinates":[[[101.644124,2.9177],[101.6442098,2.917716],[101.6442474,2.9175299],[101.6441629,2.9175165],[101.644124,2.9177]]]}},{"type":"Feature","properties":{"osm_id":581752379,"building":"house"},"geometry":{"type":"Polygon","coordinates":[[[101.6442219,2.9177134],[101.6442903,2.9177294],[101.6443412,2.917558],[101.6442688,2.9175406],[101.6442219,2.9177134]]]}},{"type":"Feature","properties":{"osm_id":581753194,"building":"house"},"geometry":{"type":"Polygon","coordinates":[[[101.6431865,2.9173102],[101.6432724,2.9172794],[101.6432268,2.9170999],[101.6431342,2.917124],[101.6431865,2.9173102]]]}},{"type":"Feature","properties":{"osm_id":581753195,"building":"house"},"geometry":{"type":"Polygon","coordinates":[[[101.6432992,2.9172767],[101.6433743,2.9172486],[101.6433207,2.9170731],[101.6432429,2.9170972],[101.6432992,2.9172767]]]}},{"type":"Feature","properties":{"osm_id":581753197,"building":"house"},"geometry":{"type":"Polygon","coordinates":[[[101.6434159,2.9172459],[101.6434977,2.9172446],[101.6435044,2.9170544],[101.6434172,2.9170624],[101.6434159,2.9172459]]]}},{"type":"Feature","properties":{"osm_id":581753198,"building":"house"},"geometry":{"type":"Polygon","coordinates":[[[101.6435312,2.9172593],[101.6436117,2.9172553],[101.6436117,2.9170785],[101.6435299,2.9170812],[101.6435312,2.9172593]]]}},{"type":"Feature","properties":{"osm_id":581753199,"building":"house"},"geometry":{"type":"Polygon","coordinates":[[[101.6436532,2.9172526],[101.6437377,2.9172406],[101.6437337,2.9170691],[101.6436506,2.9170812],[101.6436532,2.9172526]]]}},{"type":"Feature","properties":{"osm_id":581753200,"building":"house"},"geometry":{"type":"Polygon","coordinates":[[[101.6437632,2.9172432],[101.6438544,2.9172379],[101.6438437,2.9170544],[101.6437552,2.9170611],[101.6437632,2.9172432]]]}},{"type":"Feature","properties":{"osm_id":581753202,"building":"house"},"geometry":{"type":"Polygon","coordinates":[[[101.6440837,2.9173223],[101.6442795,2.9173008],[101.6442661,2.9172178],[101.644073,2.9172352],[101.6440837,2.9173223]]]}},{"type":"Feature","properties":{"osm_id":581753203,"building":"house"},"geometry":{"type":"Polygon","coordinates":[[[101.644077,2.9172124],[101.6442635,2.9171923],[101.6442541,2.9171106],[101.6440676,2.9171361],[101.644077,2.9172124]]]}},{"type":"Feature","properties":{"osm_id":581753205,"building":"house"},"geometry":{"type":"Polygon","coordinates":[[[101.6439537,2.9170464],[101.6440019,2.9171187],[101.6441615,2.9170182],[101.6441132,2.9169446],[101.6439537,2.9170464]]]}},{"type":"Feature","properties":{"osm_id":581753206,"building":"house"},"geometry":{"type":"Polygon","coordinates":[[[101.643947,2.917033],[101.6441025,2.9169365],[101.6440623,2.9168682],[101.6439027,2.91697],[101.643947,2.917033]]]}},{"type":"Feature","properties":{"osm_id":581753207,"building":"house"},"geometry":{"type":"Polygon","coordinates":[[[101.6437691,2.9169327],[101.643845,2.9169488],[101.6438991,2.9167774],[101.6438137,2.9167651],[101.6437691,2.9169327]]]}},{"type":"Feature","properties":{"osm_id":581753208,"building":"house"},"geometry":{"type":"Polygon","coordinates":[[[101.6436781,2.9169233],[101.6437464,2.9169356],[101.6437985,2.9167547],[101.6437265,2.9167414],[101.6436781,2.9169233]]]}},{"type":"Feature","properties":{"osm_id":581753210,"building":"house"},"geometry":{"type":"Polygon","coordinates":[[[101.643551,2.9168967],[101.6436174,2.916911],[101.6436629,2.9167301],[101.6435946,2.916714],[101.643551,2.9168967]]]}},{"type":"Feature","properties":{"osm_id":581753212,"building":"house"},"geometry":{"type":"Polygon","coordinates":[[[101.6434448,2.9168911],[101.6435264,2.9169119],[101.6435643,2.9167282],[101.6434856,2.9167111],[101.6434448,2.9168911]]]}},{"type":"Feature","properties":{"osm_id":581753214,"building":"house"},"geometry":{"type":"Polygon","coordinates":[[[101.6433168,2.9168949],[101.6433851,2.9168949],[101.6433803,2.9167215],[101.6433139,2.9167215],[101.6433168,2.9168949]]]}},{"type":"Feature","properties":{"osm_id":581753216,"building":"house"},"geometry":{"type":"Polygon","coordinates":[[[101.6432068,2.9169062],[101.6432855,2.9168996],[101.6432694,2.9167301],[101.6431916,2.9167367],[101.6432068,2.9169062]]]}},{"type":"Feature","properties":{"osm_id":581753219,"building":"house"},"geometry":{"type":"Polygon","coordinates":[[[101.6431025,2.9169611],[101.6431632,2.9169356],[101.6430949,2.9167727],[101.6430295,2.9168001],[101.6431025,2.9169611]]]}},{"type":"Feature","properties":{"osm_id":581753224,"building":"house"},"geometry":{"type":"Polygon","coordinates":[[[101.6430039,2.9169896],[101.6430759,2.9169574],[101.6429858,2.9167869],[101.6429176,2.9168191],[101.6430039,2.9169896]]]}},{"type":"Feature","properties":{"osm_id":581754281,"building":"house"},"geometry":{"type":"Polygon","coordinates":[[[101.6427409,2.9169106],[101.6427999,2.917074],[101.6428669,2.9170472],[101.6428106,2.9168851],[101.6427409,2.9169106]]]}},{"type":"Feature","properties":{"osm_id":581754282,"building":"house"},"geometry":{"type":"Polygon","coordinates":[[[101.6426497,2.9169615],[101.6427127,2.9171128],[101.6427811,2.917082],[101.6427114,2.9169347],[101.6426497,2.9169615]]]}},{"type":"Feature","properties":{"osm_id":581754283,"building":"house"},"geometry":{"type":"Polygon","coordinates":[[[101.6425263,2.9171048],[101.6426497,2.917212],[101.6426939,2.9171664],[101.6425679,2.9170552],[101.6425263,2.9171048]]]}},{"type":"Feature","properties":{"osm_id":581754284,"building":"house"},"geometry":{"type":"Polygon","coordinates":[[[101.6424565,2.9171945],[101.6425893,2.9172977],[101.6426403,2.9172387],[101.6425062,2.9171383],[101.6424565,2.9171945]]]}},{"type":"Feature","properties":{"osm_id":581754285,"building":"house","levels":"2"},"geometry":{"type":"Polygon","coordinates":[[[101.6423881,2.9173285],[101.6425343,2.9174048],[101.6425652,2.9173459],[101.642419,2.9172709],[101.6423881,2.9173285]]]}},{"type":"Feature","properties":{"osm_id":581754286,"building":"house"},"geometry":{"type":"Polygon","coordinates":[[[101.6423439,2.917441],[101.6425008,2.9175093],[101.642529,2.9174437],[101.6423761,2.9173727],[101.6423439,2.917441]]]}},{"type":"Feature","properties":{"osm_id":581754287,"building":"house"},"geometry":{"type":"Polygon","coordinates":[[[101.6422782,2.9175334],[101.6424431,2.9176111],[101.6424767,2.9175535],[101.6423224,2.9174785],[101.6422782,2.9175334]]]}},{"type":"Feature","properties":{"osm_id":581754288,"building":"house"},"geometry":{"type":"Polygon","coordinates":[[[101.6422178,2.9176379],[101.6423774,2.9177115],[101.642415,2.9176379],[101.6422554,2.9175669],[101.6422178,2.9176379]]]}},{"type":"Feature","properties":{"osm_id":581754289,"building":"house"},"geometry":{"type":"Polygon","coordinates":[[[101.6421266,2.9177638],[101.6422581,2.9178763],[101.6423077,2.9178133],[101.6421722,2.9176981],[101.6421266,2.9177638]]]}},{"type":"Feature","properties":{"osm_id":581754290,"building":"house"},"geometry":{"type":"Polygon","coordinates":[[[101.6420556,2.9178415],[101.6421816,2.9179446],[101.6422312,2.9178857],[101.6421052,2.9177812],[101.6420556,2.9178415]]]}},{"type":"Feature","properties":{"osm_id":581754291,"building":"house"},"geometry":{"type":"Polygon","coordinates":[[[101.641959,2.9179258],[101.6420904,2.918033],[101.6421387,2.9179821],[101.6420059,2.9178656],[101.641959,2.9179258]]]}},{"type":"Feature","properties":{"osm_id":581754292,"building":"house"},"geometry":{"type":"Polygon","coordinates":[[[101.6418691,2.9179955],[101.6420153,2.9181147],[101.642069,2.9180584],[101.6419241,2.9179352],[101.6418691,2.9179955]]]}},{"type":"Feature","properties":{"osm_id":581754293,"building":"house"},"geometry":{"type":"Polygon","coordinates":[[[101.6421508,2.9181535],[101.6422487,2.9182915],[101.6423198,2.9182446],[101.6422272,2.9181],[101.6421508,2.9181535]]]}},{"type":"Feature","properties":{"osm_id":581754294,"building":"house"},"geometry":{"type":"Polygon","coordinates":[[[101.642246,2.9180933],[101.6423305,2.9182272],[101.6424016,2.918183],[101.642313,2.9180424],[101.642246,2.9180933]]]}},{"type":"Feature","properties":{"osm_id":581754295,"building":"house"},"geometry":{"type":"Polygon","coordinates":[[[101.6423412,2.9180062],[101.6424405,2.9181415],[101.6425021,2.9181026],[101.6424123,2.9179633],[101.6423412,2.9180062]]]}},{"type":"Feature","properties":{"osm_id":581754296,"building":"house"},"geometry":{"type":"Polygon","coordinates":[[[101.6424244,2.9179526],[101.6425196,2.9180866],[101.6425839,2.9180491],[101.6424874,2.9179057],[101.6424244,2.9179526]]]}},{"type":"Feature","properties":{"osm_id":581754297,"building":"house"},"geometry":{"type":"Polygon","coordinates":[[[101.6425115,2.9178388],[101.6426778,2.9179004],[101.642702,2.9178307],[101.6425424,2.9177691],[101.6425115,2.9178388]]]}},{"type":"Feature","properties":{"osm_id":581754298,"building":"house"},"geometry":{"type":"Polygon","coordinates":[[[101.6425477,2.9177571],[101.6427087,2.917804],[101.6427355,2.917733],[101.6425692,2.9176861],[101.6425477,2.9177571]]]}},{"type":"Feature","properties":{"osm_id":581754299,"building":"house"},"geometry":{"type":"Polygon","coordinates":[[[101.6425987,2.9176245],[101.6427489,2.9176781],[101.6427771,2.9176097],[101.6426282,2.9175535],[101.6425987,2.9176245]]]}},{"type":"Feature","properties":{"osm_id":581754300,"building":"house"},"geometry":{"type":"Polygon","coordinates":[[[101.6426376,2.9175321],[101.6428052,2.917591],[101.6428294,2.9175187],[101.6426631,2.9174624],[101.6426376,2.9175321]]]}},{"type":"Feature","properties":{"osm_id":581754301,"building":"house"},"geometry":{"type":"Polygon","coordinates":[[[101.6427006,2.9173928],[101.6428642,2.9174691],[101.6428951,2.9173941],[101.6427462,2.9173151],[101.6427006,2.9173928]]]}},{"type":"Feature","properties":{"osm_id":581754303,"building":"house"},"geometry":{"type":"Polygon","coordinates":[[[101.6427838,2.9173124],[101.642938,2.9173794],[101.6429782,2.9173057],[101.6428186,2.9172374],[101.6427838,2.9173124]]]}},{"type":"Feature","properties":{"osm_id":581754606,"building":"house"},"geometry":{"type":"Polygon","coordinates":[[[101.6429313,2.9182098],[101.6431097,2.9181361],[101.6430721,2.9180397],[101.6428937,2.918108],[101.6429313,2.9182098]]]}},{"type":"Feature","properties":{"osm_id":581754607,"building":"house"},"geometry":{"type":"Polygon","coordinates":[[[101.6428964,2.9180906],[101.6430681,2.9180316],[101.643052,2.9179633],[101.642879,2.9180156],[101.6428964,2.9180906]]]}},{"type":"Feature","properties":{"osm_id":581754608,"building":"house"},"geometry":{"type":"Polygon","coordinates":[[[101.6429045,2.9178964],[101.6430815,2.9179446],[101.6431097,2.9178374],[101.6429367,2.9177879],[101.6429045,2.9178964]]]}},{"type":"Feature","properties":{"osm_id":581754609,"building":"house"},"geometry":{"type":"Polygon","coordinates":[[[101.6429501,2.9177772],[101.6431351,2.9178307],[101.6431539,2.9177638],[101.6429796,2.9177022],[101.6429501,2.9177772]]]}},{"type":"Feature","properties":{"osm_id":581754610,"building":"house"},"geometry":{"type":"Polygon","coordinates":[[[101.643052,2.917674],[101.6431901,2.9177303],[101.6432156,2.9176566],[101.6430802,2.917599],[101.643052,2.917674]]]}},{"type":"Feature","properties":{"osm_id":581754611,"building":"house"},"geometry":{"type":"Polygon","coordinates":[[[101.6432693,2.9176486],[101.6431177,2.9175776],[101.6431459,2.9175066],[101.6433041,2.9175736],[101.6432693,2.9176486]]]}},{"type":"Feature","properties":{"osm_id":581754614,"building":"commercial","name":"Pan'Gaea Show Village"},"geometry":{"type":"Polygon","coordinates":[[[101.6367191,2.9226229],[101.6368352,2.9226843],[101.6368578,2.9226417],[101.6369559,2.9226936],[101.6369299,2.9227427],[101.6369691,2.9227634],[101.6369985,2.9227079],[101.6369994,2.9228288],[101.6367313,2.9228307],[101.6367324,2.9229841],[101.6369339,2.9229827],[101.6369331,2.9228647],[101.6369933,2.9228643],[101.6369942,2.9229791],[101.6371783,2.9229778],[101.637176,2.9226536],[101.6370432,2.9226546],[101.637043,2.9226338],[101.6371136,2.9225007],[101.6368561,2.9223645],[101.6367191,2.9226229]]]}},{"type":"Feature","properties":{"osm_id":581754739,"building":"industrial"},"geometry":{"type":"Polygon","coordinates":[[[101.6364418,2.9228519],[101.6364413,2.9228826],[101.6364411,2.9229021],[101.6364584,2.9229024],[101.6364985,2.9229029],[101.6364992,2.9228526],[101.6364418,2.9228519]]]}},{"type":"Feature","properties":{"osm_id":581754746,"building":"house"},"geometry":{"type":"Polygon","coordinates":[[[101.6431131,2.9182762],[101.6432743,2.9181644],[101.6432259,2.9181057],[101.6430657,2.9182137],[101.6431131,2.9182762]]]}},{"type":"Feature","properties":{"osm_id":581754747,"building":"house"},"geometry":{"type":"Polygon","coordinates":[[[101.6431378,2.9183055],[101.6431871,2.9183718],[101.643336,2.9182468],[101.6432838,2.9181871],[101.6431378,2.9183055]]]}},{"type":"Feature","properties":{"osm_id":581758952,"building":"house"},"geometry":{"type":"Polygon","coordinates":[[[101.6416327,2.9165973],[101.6416017,2.9165722],[101.641714,2.9164698],[101.6417507,2.9164949],[101.6416327,2.9165973]]]}},{"type":"Feature","properties":{"osm_id":581758953,"building":"house"},"geometry":{"type":"Polygon","coordinates":[[[101.6415862,2.9165548],[101.6415514,2.9165181],[101.6416617,2.9164234],[101.6416946,2.9164601],[101.6415862,2.9165548]]]}},{"type":"Feature","properties":{"osm_id":581758954,"building":"house"},"geometry":{"type":"Polygon","coordinates":[[[101.6415785,2.9164678],[101.6415456,2.916435],[101.6416211,2.9163847],[101.641652,2.9163519],[101.641683,2.916377],[101.6415785,2.9164678]]]}},{"type":"Feature","properties":{"osm_id":581758955,"building":"house"},"geometry":{"type":"Polygon","coordinates":[[[101.6415688,2.9163828],[101.6415437,2.9163538],[101.6416404,2.9162668],[101.6416733,2.9163016],[101.6415688,2.9163828]]]}},{"type":"Feature","properties":{"osm_id":581758956,"building":"house"},"geometry":{"type":"Polygon","coordinates":[[[101.6415572,2.9163055],[101.6415282,2.9162746],[101.6416404,2.9161837],[101.6416791,2.9162147],[101.6415572,2.9163055]]]}},{"type":"Feature","properties":{"osm_id":581758957,"building":"house"},"geometry":{"type":"Polygon","coordinates":[[[101.6415514,2.9162282],[101.6415224,2.9161915],[101.6416482,2.9160852],[101.6416849,2.9161238],[101.6415514,2.9162282]]]}},{"type":"Feature","properties":{"osm_id":581758958,"building":"house"},"geometry":{"type":"Polygon","coordinates":[[[101.6415475,2.916149],[101.6415185,2.9161142],[101.6416404,2.9160156],[101.6416753,2.9160446],[101.6415475,2.916149]]]}},{"type":"Feature","properties":{"osm_id":581758959,"building":"house"},"geometry":{"type":"Polygon","coordinates":[[[101.6415263,2.9160678],[101.6414992,2.9160369],[101.6416366,2.9159364],[101.6416695,2.9159634],[101.6415263,2.9160678]]]}},{"type":"Feature","properties":{"osm_id":581758960,"building":"house"},"geometry":{"type":"Polygon","coordinates":[[[101.6414992,2.9160175],[101.6414663,2.9159827],[101.6415824,2.9158919],[101.6416153,2.9159228],[101.6414992,2.9160175]]]}},{"type":"Feature","properties":{"osm_id":581758961,"building":"house"},"geometry":{"type":"Polygon","coordinates":[[[101.6420004,2.9166959],[101.6420216,2.9166495],[101.6418552,2.9165509],[101.6418281,2.9166031],[101.6420004,2.9166959]]]}},{"type":"Feature","properties":{"osm_id":581758962,"building":"house"},"geometry":{"type":"Polygon","coordinates":[[[101.6420313,2.916634],[101.6420623,2.9165838],[101.6418901,2.9165103],[101.6418552,2.9165509],[101.6418842,2.9165509],[101.6420313,2.916634]]]}},{"type":"Feature","properties":{"osm_id":581758963,"building":"house"},"geometry":{"type":"Polygon","coordinates":[[[101.6418494,2.9164756],[101.6418823,2.9164272],[101.6420391,2.9165123],[101.6420236,2.9165509],[101.6418494,2.9164756]]]}},{"type":"Feature","properties":{"osm_id":581758964,"building":"house"},"geometry":{"type":"Polygon","coordinates":[[[101.642041,2.9164872],[101.6420681,2.9164466],[101.6419152,2.9163751],[101.6418804,2.9164099],[101.642041,2.9164872]]]}},{"type":"Feature","properties":{"osm_id":581758965,"building":"house"},"geometry":{"type":"Polygon","coordinates":[[[101.641863,2.916348],[101.641892,2.9162939],[101.6420642,2.9163693],[101.6420391,2.9164137],[101.641863,2.916348]]]}},{"type":"Feature","properties":{"osm_id":581758966,"building":"house"},"geometry":{"type":"Polygon","coordinates":[[[101.6418514,2.9162649],[101.6418804,2.9162166],[101.6420391,2.916292],[101.6420158,2.9163306],[101.6418514,2.9162649]]]}},{"type":"Feature","properties":{"osm_id":581758967,"building":"house"},"geometry":{"type":"Polygon","coordinates":[[[101.6418301,2.9161818],[101.6418572,2.9161354],[101.6420216,2.9162147],[101.6419984,2.9162552],[101.6418301,2.9161818]]]}},{"type":"Feature","properties":{"osm_id":581758968,"building":"house"},"geometry":{"type":"Polygon","coordinates":[[[101.6418204,2.9161064],[101.6418514,2.9160543],[101.64201,2.9161316],[101.6419868,2.9161799],[101.6418204,2.9161064]]]}},{"type":"Feature","properties":{"osm_id":581758969,"building":"house"},"geometry":{"type":"Polygon","coordinates":[[[101.6417759,2.9160137],[101.641801,2.9159615],[101.6419558,2.9160354],[101.6419791,2.9160465],[101.6419539,2.9160871],[101.6417759,2.9160137]]]}},{"type":"Feature","properties":{"osm_id":581758970,"building":"house"},"geometry":{"type":"Polygon","coordinates":[[[101.6417817,2.9159383],[101.6418088,2.9158823],[101.6419791,2.9159866],[101.6419558,2.9160354],[101.6417817,2.9159383]]]}},{"type":"Feature","properties":{"osm_id":581758971,"building":"house"},"geometry":{"type":"Polygon","coordinates":[[[101.6418262,2.9158726],[101.6418552,2.9158281],[101.6420158,2.9159286],[101.6419887,2.9159673],[101.6418262,2.9158726]]]}},{"type":"Feature","properties":{"osm_id":581758972,"building":"house"},"geometry":{"type":"Polygon","coordinates":[[[101.6422364,2.9163751],[101.6421977,2.9163306],[101.6423313,2.9162166],[101.6423603,2.9162572],[101.6422364,2.9163751]]]}},{"type":"Feature","properties":{"osm_id":581758973,"building":"house"},"geometry":{"type":"Polygon","coordinates":[[[101.6422171,2.9162881],[101.6421842,2.9162475],[101.6423235,2.9161412],[101.6423564,2.916176],[101.6422171,2.9162881]]]}},{"type":"Feature","properties":{"osm_id":581758974,"building":"house"},"geometry":{"type":"Polygon","coordinates":[[[101.6422113,2.916205],[101.6421745,2.9161644],[101.6423216,2.9160562],[101.6423525,2.9160929],[101.6422113,2.916205]]]}},{"type":"Feature","properties":{"osm_id":581758975,"building":"house"},"geometry":{"type":"Polygon","coordinates":[[[101.6422016,2.91612],[101.6421745,2.9160852],[101.6423216,2.9159769],[101.6423545,2.9160137],[101.6422016,2.91612]]]}},{"type":"Feature","properties":{"osm_id":581758976,"building":"house"},"geometry":{"type":"Polygon","coordinates":[[[101.6422171,2.9160272],[101.6421765,2.9159789],[101.6423274,2.9158823],[101.6423622,2.9159248],[101.6422171,2.9160272]]]}},{"type":"Feature","properties":{"osm_id":581758977,"building":"house"},"geometry":{"type":"Polygon","coordinates":[[[101.6421997,2.915946],[101.6421687,2.9159151],[101.6423003,2.9158088],[101.642339,2.9158475],[101.6421997,2.915946]]]}},{"type":"Feature","properties":{"osm_id":581758978,"building":"house"},"geometry":{"type":"Polygon","coordinates":[[[101.6425132,2.9162031],[101.642517,2.916149],[101.6427396,2.9161451],[101.6427299,2.9161973],[101.6425132,2.9162031]]]}},{"type":"Feature","properties":{"osm_id":581758979,"building":"house"},"geometry":{"type":"Polygon","coordinates":[[[101.642519,2.9161316],[101.642519,2.9160813],[101.6427357,2.9160755],[101.6427338,2.9161277],[101.642519,2.9161316]]]}},{"type":"Feature","properties":{"osm_id":581758980,"building":"house"},"geometry":{"type":"Polygon","coordinates":[[[101.6425151,2.9160678],[101.642519,2.9160195],[101.6427299,2.9160117],[101.6427338,2.9160601],[101.6425151,2.9160678]]]}},{"type":"Feature","properties":{"osm_id":581758981,"building":"house"},"geometry":{"type":"Polygon","coordinates":[[[101.6425132,2.916004],[101.642519,2.9159499],[101.6427299,2.9159422],[101.6427318,2.9159963],[101.6425132,2.916004]]]}},{"type":"Feature","properties":{"osm_id":581758982,"building":"house"},"geometry":{"type":"Polygon","coordinates":[[[101.6424725,2.9159518],[101.6424745,2.915888],[101.6426873,2.9158823],[101.6426893,2.9159286],[101.6424725,2.9159518]]]}},{"type":"Feature","properties":{"osm_id":581758983,"building":"house"},"geometry":{"type":"Polygon","coordinates":[[[101.6424745,2.915888],[101.6424745,2.9158223],[101.6426893,2.9158127],[101.6426834,2.9158629],[101.6424745,2.915888]]]}},{"type":"Feature","properties":{"osm_id":581758984,"building":"house"},"geometry":{"type":"Polygon","coordinates":[[[101.6428325,2.9161973],[101.6428344,2.9161393],[101.6430395,2.9161451],[101.6430318,2.9162089],[101.6428325,2.9161973]]]}},{"type":"Feature","properties":{"osm_id":581758985,"building":"house"},"geometry":{"type":"Polygon","coordinates":[[[101.6428266,2.9161238],[101.6428266,2.9160813],[101.6430376,2.9160774],[101.6430337,2.9161316],[101.6428266,2.9161238]]]}},{"type":"Feature","properties":{"osm_id":581758986,"building":"house"},"geometry":{"type":"Polygon","coordinates":[[[101.6428286,2.9160639],[101.6428305,2.9160117],[101.6430337,2.9160137],[101.6430337,2.9160658],[101.6428286,2.9160639]]]}},{"type":"Feature","properties":{"osm_id":581758987,"building":"house"},"geometry":{"type":"Polygon","coordinates":[[[101.6428247,2.9159963],[101.6428247,2.9159538],[101.6428614,2.9159541],[101.643026,2.9159557],[101.6430337,2.9160137],[101.6428247,2.9159963]]]}},{"type":"Feature","properties":{"osm_id":581758988,"building":"house"},"geometry":{"type":"Polygon","coordinates":[[[101.6428614,2.9159541],[101.6428673,2.915888],[101.6430685,2.9158958],[101.6430666,2.9159422],[101.6428614,2.9159541]]]}},{"type":"Feature","properties":{"osm_id":581758989,"building":"house"},"geometry":{"type":"Polygon","coordinates":[[[101.6428634,2.9158707],[101.6428634,2.9158281],[101.6430647,2.9158262],[101.6430627,2.9158765],[101.6428634,2.9158707]]]}},{"type":"Feature","properties":{"osm_id":581758990,"building":"house"},"geometry":{"type":"Polygon","coordinates":[[[101.6428576,2.9158107],[101.6428595,2.9157605],[101.6430724,2.9157547],[101.6430666,2.9158049],[101.6428576,2.9158107]]]}},{"type":"Feature","properties":{"osm_id":581758991,"building":"house"},"geometry":{"type":"Polygon","coordinates":[[[101.6431208,2.9160427],[101.6431595,2.9159963],[101.6433336,2.9161026],[101.6433201,2.9161547],[101.6431208,2.9160427]]]}},{"type":"Feature","properties":{"osm_id":581758992,"building":"house"},"geometry":{"type":"Polygon","coordinates":[[[101.6431595,2.9159963],[101.643204,2.9159422],[101.6433704,2.9160485],[101.6433336,2.9161026],[101.6431595,2.9159963]]]}},{"type":"Feature","properties":{"osm_id":581758993,"building":"house"},"geometry":{"type":"Polygon","coordinates":[[[101.6431982,2.9159286],[101.6432272,2.9158803],[101.643411,2.9160098],[101.6433704,2.9160485],[101.6431982,2.9159286]]]}},{"type":"Feature","properties":{"osm_id":581758994,"building":"house"},"geometry":{"type":"Polygon","coordinates":[[[101.6432272,2.9158803],[101.6432601,2.9158359],[101.6433975,2.9159171],[101.6434498,2.915948],[101.643411,2.9160098],[101.6432272,2.9158803]]]}},{"type":"Feature","properties":{"osm_id":581758995,"building":"house"},"geometry":{"type":"Polygon","coordinates":[[[101.6432233,2.9158049],[101.6432562,2.9157566],[101.6434265,2.9158629],[101.6433975,2.9159171],[101.6432233,2.9158049]]]}},{"type":"Feature","properties":{"osm_id":581758996,"building":"house"},"geometry":{"type":"Polygon","coordinates":[[[101.6434149,2.9158378],[101.6434459,2.9157991],[101.6432582,2.9156851],[101.6432311,2.9157334],[101.6434149,2.9158378]]]}},{"type":"Feature","properties":{"osm_id":581758997,"building":"house"},"geometry":{"type":"Polygon","coordinates":[[[101.6434091,2.9157566],[101.6434381,2.9157064],[101.6432756,2.9156001],[101.643235,2.9156484],[101.6434091,2.9157566]]]}},{"type":"Feature","properties":{"osm_id":581758998,"building":"house"},"geometry":{"type":"Polygon","coordinates":[[[101.6436587,2.9161683],[101.6436239,2.9161296],[101.6438097,2.9160021],[101.6438445,2.9160311],[101.6436587,2.9161683]]]}},{"type":"Feature","properties":{"osm_id":581758999,"building":"house"},"geometry":{"type":"Polygon","coordinates":[[[101.6436239,2.9161296],[101.6435813,2.916091],[101.6437729,2.9159557],[101.6438097,2.9160021],[101.6436239,2.9161296]]]}},{"type":"Feature","properties":{"osm_id":581759000,"building":"house"},"geometry":{"type":"Polygon","coordinates":[[[101.6435813,2.916091],[101.6435542,2.9160446],[101.6437342,2.9159093],[101.6437729,2.9159557],[101.6435813,2.916091]]]}},{"type":"Feature","properties":{"osm_id":581759001,"building":"house"},"geometry":{"type":"Polygon","coordinates":[[[101.6435446,2.916033],[101.6435194,2.9159827],[101.6437052,2.9158475],[101.643742,2.9158938],[101.6435446,2.916033]]]}},{"type":"Feature","properties":{"osm_id":581759002,"building":"house"},"geometry":{"type":"Polygon","coordinates":[[[101.6435833,2.915917],[101.6435484,2.9158745],[101.6437013,2.9157644],[101.6437361,2.915803],[101.6435833,2.915917]]]}},{"type":"Feature","properties":{"osm_id":581759003,"building":"house"},"geometry":{"type":"Polygon","coordinates":[[[101.6435891,2.9158243],[101.6435601,2.9157856],[101.6437207,2.9156735],[101.6437478,2.9157296],[101.6435891,2.9158243]]]}},{"type":"Feature","properties":{"osm_id":581759004,"building":"house"},"geometry":{"type":"Polygon","coordinates":[[[101.6435891,2.9157489],[101.6435523,2.9157102],[101.6437052,2.9156117],[101.6437342,2.9156503],[101.6435891,2.9157489]]]}},{"type":"Feature","properties":{"osm_id":581759005,"building":"house"},"geometry":{"type":"Polygon","coordinates":[[[101.6435794,2.9156677],[101.6435562,2.915631],[101.6437129,2.9155189],[101.64374,2.9155692],[101.6435794,2.9156677]]]}},{"type":"Feature","properties":{"osm_id":581759007,"building":"house"},"geometry":{"type":"Polygon","coordinates":[[[101.6435775,2.9155943],[101.6435446,2.9155421],[101.6437091,2.9154455],[101.6437458,2.9154957],[101.6435775,2.9155943]]]}},{"type":"Feature","properties":{"osm_id":581759008,"building":"house"},"geometry":{"type":"Polygon","coordinates":[[[101.6435446,2.9155228],[101.6435291,2.9154861],[101.6436684,2.9153682],[101.6436897,2.915432],[101.6435446,2.9155228]]]}},{"type":"Feature","properties":{"osm_id":581759011,"building":"house"},"geometry":{"type":"Polygon","coordinates":[[[101.6438793,2.9161219],[101.64392,2.9160658],[101.644067,2.9161354],[101.644038,2.9162011],[101.6438793,2.9161219]]]}},{"type":"Feature","properties":{"osm_id":581759012,"building":"house"},"geometry":{"type":"Polygon","coordinates":[[[101.64392,2.9160658],[101.6439587,2.9160079],[101.6441058,2.9160794],[101.644067,2.9161354],[101.64392,2.9160658]]]}},{"type":"Feature","properties":{"osm_id":581759014,"building":"house"},"geometry":{"type":"Polygon","coordinates":[[[101.6439587,2.9160079],[101.6439858,2.9159364],[101.6441197,2.9160032],[101.6441445,2.9160156],[101.6441058,2.9160794],[101.6439587,2.9160079]]]}},{"type":"Feature","properties":{"osm_id":581759016,"building":"house"},"geometry":{"type":"Polygon","coordinates":[[[101.6441239,2.916],[101.644158,2.9159306],[101.6441299,2.9159176],[101.6439703,2.9158436],[101.6439393,2.9159016],[101.6441239,2.916]]]}},{"type":"Feature","properties":{"osm_id":581759018,"building":"house"},"geometry":{"type":"Polygon","coordinates":[[[101.6441299,2.9159176],[101.6441657,2.9158571],[101.6441268,2.915839],[101.6439664,2.9157644],[101.6439335,2.9158262],[101.6441299,2.9159176]]]}},{"type":"Feature","properties":{"osm_id":581759020,"building":"house"},"geometry":{"type":"Polygon","coordinates":[[[101.6441268,2.915839],[101.644158,2.9157721],[101.6439664,2.9156793],[101.6439219,2.9157508],[101.6441268,2.915839]]]}},{"type":"Feature","properties":{"osm_id":581759022,"building":"house"},"geometry":{"type":"Polygon","coordinates":[[[101.6441251,2.9157392],[101.6441445,2.915689],[101.6440087,2.915622],[101.6439722,2.915604],[101.6439316,2.9156561],[101.6441251,2.9157392]]]}},{"type":"Feature","properties":{"osm_id":581759024,"building":"house"},"geometry":{"type":"Polygon","coordinates":[[[101.6440087,2.915622],[101.6440496,2.9155479],[101.6440276,2.9155392],[101.6438581,2.9154725],[101.6438348,2.9155325],[101.6440087,2.915622]]]}},{"type":"Feature","properties":{"osm_id":581759026,"building":"house","name":"Symphony HIlls"},"geometry":{"type":"Polygon","coordinates":[[[101.6440276,2.9155392],[101.6440632,2.9154841],[101.6438948,2.9153972],[101.6438542,2.9154513],[101.6440276,2.9155392]]]}},{"type":"Feature","properties":{"osm_id":581759028,"building":"house"},"geometry":{"type":"Polygon","coordinates":[[[101.6413597,2.9166738],[101.6413894,2.9166133],[101.641211,2.916526],[101.6411813,2.9165865],[101.6413597,2.9166738]]]}},{"type":"Feature","properties":{"osm_id":581759030,"building":"house"},"geometry":{"type":"Polygon","coordinates":[[[101.6413835,2.9166026],[101.6414071,2.9165512],[101.6413732,2.9165339],[101.6412262,2.9164683],[101.6412026,2.9165198],[101.6413835,2.9166026]]]}},{"type":"Feature","properties":{"osm_id":581759032,"building":"house"},"geometry":{"type":"Polygon","coordinates":[[[101.6413732,2.9165339],[101.6414005,2.9164672],[101.6413614,2.9164423],[101.6412054,2.9163812],[101.6411775,2.9164444],[101.6413732,2.9165339]]]}},{"type":"Feature","properties":{"osm_id":581759034,"building":"house"},"geometry":{"type":"Polygon","coordinates":[[[101.6413614,2.9164423],[101.6413842,2.9163844],[101.6411707,2.9163005],[101.6411479,2.9163583],[101.6413614,2.9164423]]]}},{"type":"Feature","properties":{"osm_id":581759036,"building":"house"},"geometry":{"type":"Polygon","coordinates":[[[101.641344,2.9163659],[101.6413622,2.9163187],[101.6411522,2.9162383],[101.641134,2.9162855],[101.641344,2.9163659]]]}},{"type":"Feature","properties":{"osm_id":581759038,"building":"house"},"geometry":{"type":"Polygon","coordinates":[[[101.6413229,2.9162867],[101.6413452,2.9162305],[101.6411451,2.9161513],[101.6411228,2.9162075],[101.6413229,2.9162867]]]}},{"type":"Feature","properties":{"osm_id":581759040,"building":"house"},"geometry":{"type":"Polygon","coordinates":[[[101.6413011,2.916199],[101.6413209,2.916144],[101.6411137,2.9160699],[101.641094,2.9161249],[101.6413011,2.916199]]]}},{"type":"Feature","properties":{"osm_id":581759041,"building":"house"},"geometry":{"type":"Polygon","coordinates":[[[101.6412871,2.9161315],[101.64131,2.9160753],[101.6412985,2.9160706],[101.6411234,2.9159993],[101.6411005,2.9160555],[101.6412871,2.9161315]]]}},{"type":"Feature","properties":{"osm_id":581759042,"building":"house"},"geometry":{"type":"Polygon","coordinates":[[[101.6412985,2.9160706],[101.6413211,2.9160079],[101.641147,2.9159441],[101.6411234,2.9159993],[101.6412985,2.9160706]]]}},{"type":"Feature","properties":{"osm_id":581759043,"building":"house"},"geometry":{"type":"Polygon","coordinates":[[[101.6410785,2.9167945],[101.6410294,2.9167534],[101.641147,2.9166134],[101.6411961,2.9166545],[101.6410785,2.9167945]]]}},{"type":"Feature","properties":{"osm_id":581759044,"building":"house"},"geometry":{"type":"Polygon","coordinates":[[[101.6410294,2.9167534],[101.6409868,2.9167171],[101.6411068,2.9165747],[101.6411475,2.9166089],[101.6410294,2.9167534]]]}},{"type":"Feature","properties":{"osm_id":581759045,"building":"house"},"geometry":{"type":"Polygon","coordinates":[[[101.6409868,2.9167171],[101.6409307,2.9166722],[101.6410652,2.9165321],[101.6411068,2.9165747],[101.6409868,2.9167171]]]}},{"type":"Feature","properties":{"osm_id":581759046,"building":"house"},"geometry":{"type":"Polygon","coordinates":[[[101.6409266,2.916661],[101.6408909,2.9166294],[101.6409249,2.9165911],[101.6410112,2.9164939],[101.6410469,2.9165255],[101.6409266,2.916661]]]}},{"type":"Feature","properties":{"osm_id":581759047,"building":"house"},"geometry":{"type":"Polygon","coordinates":[[[101.6409249,2.9165911],[101.6408781,2.9165556],[101.6409853,2.9164148],[101.6410319,2.9164502],[101.6409249,2.9165911]]]}},{"type":"Feature","properties":{"osm_id":581759048,"building":"house"},"geometry":{"type":"Polygon","coordinates":[[[101.640897,2.9165035],[101.6408576,2.9164691],[101.6409683,2.9163423],[101.6410078,2.9163767],[101.640897,2.9165035]]]}},{"type":"Feature","properties":{"osm_id":581759049,"building":"house"},"geometry":{"type":"Polygon","coordinates":[[[101.6408768,2.9164284],[101.6408366,2.9163945],[101.6409478,2.9162628],[101.6409881,2.9162967],[101.6408768,2.9164284]]]}},{"type":"Feature","properties":{"osm_id":581759050,"building":"house"},"geometry":{"type":"Polygon","coordinates":[[[101.6408771,2.916317],[101.6408377,2.916283],[101.640847,2.9162722],[101.640955,2.9161473],[101.6409944,2.9161812],[101.6408771,2.916317]]]}},{"type":"Feature","properties":{"osm_id":581759051,"building":"house"},"geometry":{"type":"Polygon","coordinates":[[[101.640847,2.9162722],[101.640797,2.9162282],[101.6409024,2.9161087],[101.640955,2.9161473],[101.640847,2.9162722]]]}},{"type":"Feature","properties":{"osm_id":581762857,"building":"house"},"geometry":{"type":"Polygon","coordinates":[[[101.6414542,2.9153847],[101.6414053,2.9153403],[101.6415854,2.9152227],[101.6416121,2.9152648],[101.6414542,2.9153847]]]}},{"type":"Feature","properties":{"osm_id":581762858,"building":"house"},"geometry":{"type":"Polygon","coordinates":[[[101.641432,2.9153004],[101.6414076,2.9152737],[101.6415721,2.9151538],[101.6415943,2.9151871],[101.641432,2.9153004]]]}},{"type":"Feature","properties":{"osm_id":581762859,"building":"house"},"geometry":{"type":"Polygon","coordinates":[[[101.641432,2.915216],[101.6414076,2.915196],[101.6415543,2.9150828],[101.6415921,2.9151117],[101.641432,2.915216]]]}},{"type":"Feature","properties":{"osm_id":581762860,"building":"house"},"geometry":{"type":"Polygon","coordinates":[[[101.6414365,2.9151361],[101.641412,2.9151072],[101.6415698,2.914994],[101.6415943,2.915014],[101.6414365,2.9151361]]]}},{"type":"Feature","properties":{"osm_id":581762861,"building":"house"},"geometry":{"type":"Polygon","coordinates":[[[101.6414298,2.9150562],[101.6414053,2.9150251],[101.6415809,2.9149074],[101.6416032,2.9149363],[101.6414298,2.9150562]]]}},{"type":"Feature","properties":{"osm_id":581762862,"building":"house"},"geometry":{"type":"Polygon","coordinates":[[[101.6414298,2.9149763],[101.6414031,2.9149407],[101.6415609,2.9148475],[101.6416076,2.9148675],[101.6414298,2.9149763]]]}},{"type":"Feature","properties":{"osm_id":581762863,"building":"house"},"geometry":{"type":"Polygon","coordinates":[[[101.6414298,2.9148986],[101.6414053,2.914863],[101.6415787,2.9147476],[101.6416054,2.9147898],[101.6414298,2.9148986]]]}},{"type":"Feature","properties":{"osm_id":581762864,"building":"house"},"geometry":{"type":"Polygon","coordinates":[[[101.6414387,2.9148231],[101.6413987,2.9147742],[101.6414493,2.9147428],[101.6415809,2.914661],[101.6416076,2.9147099],[101.6414387,2.9148231]]]}},{"type":"Feature","properties":{"osm_id":581762865,"building":"house"},"geometry":{"type":"Polygon","coordinates":[[[101.6414493,2.9147428],[101.641412,2.9146921],[101.6415965,2.9145722],[101.6416187,2.9146122],[101.6414493,2.9147428]]]}},{"type":"Feature","properties":{"osm_id":581762866,"building":"house"},"geometry":{"type":"Polygon","coordinates":[[[101.641412,2.9146921],[101.6413787,2.914641],[101.6415365,2.9145234],[101.6415676,2.9145722],[101.641412,2.9146921]]]}},{"type":"Feature","properties":{"osm_id":581762867,"building":"house"},"geometry":{"type":"Polygon","coordinates":[[[101.6418544,2.9153248],[101.6419077,2.9152737],[101.6418675,2.9152428],[101.6417721,2.9151694],[101.6417388,2.9152116],[101.6418544,2.9153248]]]}},{"type":"Feature","properties":{"osm_id":581762868,"building":"house"},"geometry":{"type":"Polygon","coordinates":[[[101.6418675,2.9152428],[101.641921,2.9151849],[101.6418624,2.9151472],[101.6417588,2.9150806],[101.6417188,2.9151228],[101.6418675,2.9152428]]]}},{"type":"Feature","properties":{"osm_id":581762869,"building":"house"},"geometry":{"type":"Polygon","coordinates":[[[101.6418624,2.9151472],[101.6418966,2.9151028],[101.6418455,2.9150712],[101.6417565,2.9150162],[101.641721,2.9150451],[101.6418624,2.9151472]]]}},{"type":"Feature","properties":{"osm_id":581762871,"building":"house"},"geometry":{"type":"Polygon","coordinates":[[[101.6418455,2.9150712],[101.641901,2.915014],[101.6418425,2.9149781],[101.6417743,2.9149363],[101.6417321,2.9149696],[101.6418455,2.9150712]]]}},{"type":"Feature","properties":{"osm_id":581762872,"building":"house"},"geometry":{"type":"Polygon","coordinates":[[[101.6418425,2.9149781],[101.6418921,2.9149296],[101.6418507,2.9149017],[101.6417343,2.9148231],[101.6417054,2.9148697],[101.6418425,2.9149781]]]}},{"type":"Feature","properties":{"osm_id":581762873,"building":"house"},"geometry":{"type":"Polygon","coordinates":[[[101.6418507,2.9149017],[101.6418833,2.9148542],[101.6418526,2.9148322],[101.6417343,2.9147476],[101.6417054,2.9147876],[101.6418507,2.9149017]]]}},{"type":"Feature","properties":{"osm_id":581762874,"building":"house"},"geometry":{"type":"Polygon","coordinates":[[[101.6418526,2.9148322],[101.6419055,2.9147853],[101.641741,2.9146677],[101.6417121,2.9147143],[101.6418526,2.9148322]]]}},{"type":"Feature","properties":{"osm_id":581762875,"building":"house"},"geometry":{"type":"Polygon","coordinates":[[[101.6419055,2.9147853],[101.6419455,2.9147365],[101.6417721,2.9146211],[101.641741,2.9146677],[101.6419055,2.9147853]]]}},{"type":"Feature","properties":{"osm_id":581762876,"building":"house"},"geometry":{"type":"Polygon","coordinates":[[[101.6419455,2.9147365],[101.6419922,2.9146832],[101.6418343,2.9145656],[101.6417721,2.9146211],[101.6419455,2.9147365]]]}},{"type":"Feature","properties":{"osm_id":581762877,"building":"house"},"geometry":{"type":"Polygon","coordinates":[[[101.64217,2.9153514],[101.6421522,2.915307],[101.6422923,2.9151805],[101.6423523,2.9152293],[101.64217,2.9153514]]]}},{"type":"Feature","properties":{"osm_id":581762878,"building":"house"},"geometry":{"type":"Polygon","coordinates":[[[101.6421522,2.915307],[101.6421033,2.9152515],[101.6422589,2.9151361],[101.6422923,2.9151805],[101.6421522,2.915307]]]}},{"type":"Feature","properties":{"osm_id":581762879,"building":"house"},"geometry":{"type":"Polygon","coordinates":[[[101.6421033,2.9152515],[101.6420566,2.9151894],[101.6421321,2.9151406],[101.6422389,2.9150717],[101.6422611,2.9151183],[101.6421033,2.9152515]]]}},{"type":"Feature","properties":{"osm_id":581762880,"building":"house"},"geometry":{"type":"Polygon","coordinates":[[[101.6421321,2.9151406],[101.6420922,2.9150961],[101.6421392,2.9150616],[101.642246,2.9149822],[101.6422834,2.9150251],[101.6421321,2.9151406]]]}},{"type":"Feature","properties":{"osm_id":581762881,"building":"house"},"geometry":{"type":"Polygon","coordinates":[[[101.6421382,2.9150598],[101.6420944,2.9150096],[101.642145,2.9149727],[101.6422345,2.9149074],[101.6422745,2.9149563],[101.6421382,2.9150598]]]}},{"type":"Feature","properties":{"osm_id":581762882,"building":"house"},"geometry":{"type":"Polygon","coordinates":[[[101.642145,2.9149727],[101.6421033,2.9149119],[101.642144,2.914887],[101.6422634,2.9148142],[101.6423034,2.9148608],[101.642145,2.9149727]]]}},{"type":"Feature","properties":{"osm_id":581762883,"building":"house"},"geometry":{"type":"Polygon","coordinates":[[[101.642144,2.914887],[101.6421144,2.9148342],[101.6421412,2.9148146],[101.6422723,2.9147187],[101.6423011,2.914772],[101.642144,2.914887]]]}},{"type":"Feature","properties":{"osm_id":581762884,"building":"house"},"geometry":{"type":"Polygon","coordinates":[[[101.6421412,2.9148146],[101.6421033,2.9147565],[101.6421478,2.9147299],[101.6422634,2.914661],[101.6423145,2.914701],[101.6421412,2.9148146]]]}},{"type":"Feature","properties":{"osm_id":581762885,"building":"house"},"geometry":{"type":"Polygon","coordinates":[[[101.6421478,2.9147299],[101.6421055,2.9146788],[101.6422434,2.91459],[101.64229,2.9146211],[101.6421478,2.9147299]]]}},{"type":"Feature","properties":{"osm_id":581762886,"building":"house"},"geometry":{"type":"Polygon","coordinates":[[[101.6425301,2.9153314],[101.6425679,2.9152937],[101.6424012,2.915176],[101.6423523,2.9152293],[101.6425301,2.9153314]]]}},{"type":"Feature","properties":{"osm_id":581762887,"building":"house"},"geometry":{"type":"Polygon","coordinates":[[[101.6425679,2.9152937],[101.6426146,2.915236],[101.6424145,2.9151117],[101.6423901,2.9151538],[101.6425679,2.9152937]]]}},{"type":"Feature","properties":{"osm_id":581762888,"building":"house"},"geometry":{"type":"Polygon","coordinates":[[[101.6426146,2.915236],[101.642659,2.9151738],[101.6425574,2.9151182],[101.6424078,2.9150362],[101.6423767,2.9150828],[101.6426146,2.915236]]]}},{"type":"Feature","properties":{"osm_id":581762889,"building":"house"},"geometry":{"type":"Polygon","coordinates":[[[101.6425574,2.9151182],[101.6426079,2.9150517],[101.6425723,2.9150303],[101.6424056,2.9149296],[101.6423723,2.9149874],[101.6425574,2.9151182]]]}},{"type":"Feature","properties":{"osm_id":581762890,"building":"house"},"geometry":{"type":"Polygon","coordinates":[[[101.6425723,2.9150303],[101.642599,2.9149851],[101.6425536,2.9149562],[101.6424234,2.9148675],[101.6423878,2.9149074],[101.6425723,2.9150303]]]}},{"type":"Feature","properties":{"osm_id":581762891,"building":"house"},"geometry":{"type":"Polygon","coordinates":[[[101.6425539,2.9149549],[101.6425995,2.9149036],[101.6425665,2.9148826],[101.6424132,2.9147966],[101.6423745,2.9148364],[101.6425539,2.9149549]]]}},{"type":"Feature","properties":{"osm_id":581762893,"building":"house"},"geometry":{"type":"Polygon","coordinates":[[[101.6425663,2.9148801],[101.6426012,2.9148253],[101.6425656,2.9148062],[101.6424269,2.9147058],[101.6423701,2.9147676],[101.6425663,2.9148801]]]}},{"type":"Feature","properties":{"osm_id":581762894,"building":"house"},"geometry":{"type":"Polygon","coordinates":[[[101.6425686,2.9148028],[101.6426057,2.9147498],[101.6424412,2.9146433],[101.642399,2.9146854],[101.6425686,2.9148028]]]}},{"type":"Feature","properties":{"osm_id":581762895,"building":"house"},"geometry":{"type":"Polygon","coordinates":[[[101.6426057,2.9147498],[101.6426324,2.9146921],[101.6424856,2.9145722],[101.6424412,2.9146433],[101.6426057,2.9147498]]]}},{"type":"Feature","properties":{"osm_id":581762896,"building":"house"},"geometry":{"type":"Polygon","coordinates":[[[101.6428168,2.9152648],[101.6427724,2.9152116],[101.6429458,2.9150806],[101.6429769,2.9151161],[101.6428168,2.9152648]]]}},{"type":"Feature","properties":{"osm_id":581762897,"building":"house"},"geometry":{"type":"Polygon","coordinates":[[[101.6428057,2.9151672],[101.6427702,2.9151294],[101.6428087,2.9151016],[101.6429391,2.9150073],[101.6429769,2.9150517],[101.6428057,2.9151672]]]}},{"type":"Feature","properties":{"osm_id":581762898,"building":"house"},"geometry":{"type":"Polygon","coordinates":[[[101.6428087,2.9151016],[101.6427635,2.915054],[101.642815,2.9150161],[101.6429324,2.9149296],[101.6429547,2.9149696],[101.6428087,2.9151016]]]}},{"type":"Feature","properties":{"osm_id":581762899,"building":"house"},"geometry":{"type":"Polygon","coordinates":[[[101.642815,2.9150161],[101.6427702,2.9149607],[101.6428081,2.9149343],[101.6429391,2.9148431],[101.6429747,2.9148852],[101.642815,2.9150161]]]}},{"type":"Feature","properties":{"osm_id":581762900,"building":"house"},"geometry":{"type":"Polygon","coordinates":[[[101.6428081,2.9149343],[101.6427724,2.9148941],[101.6428207,2.9148578],[101.6429524,2.9147587],[101.6429813,2.9148031],[101.6428081,2.9149343]]]}},{"type":"Feature","properties":{"osm_id":581762901,"building":"house"},"geometry":{"type":"Polygon","coordinates":[[[101.6428207,2.9148578],[101.6427702,2.9148009],[101.6429524,2.9146699],[101.642988,2.9147143],[101.6428207,2.9148578]]]}},{"type":"Feature","properties":{"osm_id":581762902,"building":"house"},"geometry":{"type":"Polygon","coordinates":[[[101.6427702,2.9148009],[101.6427435,2.9147498],[101.6429147,2.9146299],[101.6429524,2.9146699],[101.6427702,2.9148009]]]}},{"type":"Feature","properties":{"osm_id":581762903,"building":"house"},"geometry":{"type":"Polygon","coordinates":[[[101.6427435,2.9147498],[101.6426924,2.9146965],[101.6428746,2.9145789],[101.6429147,2.9146299],[101.6427435,2.9147498]]]}},{"type":"Feature","properties":{"osm_id":581762904,"building":"house"},"geometry":{"type":"Polygon","coordinates":[[[101.6432617,2.9150881],[101.643299,2.9150353],[101.6432504,2.9150011],[101.6431497,2.9149302],[101.6431124,2.914983],[101.6432617,2.9150881]]]}},{"type":"Feature","properties":{"osm_id":581762905,"building":"house"},"geometry":{"type":"Polygon","coordinates":[[[101.6432504,2.9150011],[101.6432907,2.9149439],[101.6432597,2.9149221],[101.6431564,2.9148494],[101.6431161,2.9149065],[101.6431497,2.9149302],[101.6432504,2.9150011]]]}},{"type":"Feature","properties":{"osm_id":581762906,"building":"house"},"geometry":{"type":"Polygon","coordinates":[[[101.6432597,2.9149221],[101.643296,2.9148706],[101.6432614,2.9148463],[101.6431273,2.9147518],[101.6430909,2.9148033],[101.6431564,2.9148494],[101.6432597,2.9149221]]]}},{"type":"Feature","properties":{"osm_id":581762907,"building":"house"},"geometry":{"type":"Polygon","coordinates":[[[101.6432614,2.9148463],[101.6433008,2.9147905],[101.6431666,2.914696],[101.6431273,2.9147518],[101.6432614,2.9148463]]]}},{"type":"Feature","properties":{"osm_id":581762908,"building":"house"},"geometry":{"type":"Polygon","coordinates":[[[101.6433008,2.9147905],[101.643337,2.9147392],[101.6432028,2.9146448],[101.6431666,2.914696],[101.6433008,2.9147905]]]}},{"type":"Feature","properties":{"osm_id":581762909,"building":"house"},"geometry":{"type":"Polygon","coordinates":[[[101.643337,2.9147392],[101.6433701,2.9146923],[101.6432359,2.9145979],[101.6432028,2.9146448],[101.643337,2.9147392]]]}},{"type":"Feature","properties":{"osm_id":581762910,"building":"house"},"geometry":{"type":"Polygon","coordinates":[[[101.643437,2.9149763],[101.6434415,2.9149208],[101.6436482,2.914923],[101.643646,2.9149851],[101.643437,2.9149763]]]}},{"type":"Feature","properties":{"osm_id":581762911,"building":"house"},"geometry":{"type":"Polygon","coordinates":[[[101.6434415,2.9149208],[101.6434481,2.9148497],[101.6435039,2.9148547],[101.643646,2.9148675],[101.6436482,2.914923],[101.6434415,2.9149208]]]}},{"type":"Feature","properties":{"osm_id":581762912,"building":"house"},"geometry":{"type":"Polygon","coordinates":[[[101.6435039,2.9148547],[101.6435059,2.914792],[101.6436771,2.9148031],[101.6436838,2.9148608],[101.6435039,2.9148547]]]}},{"type":"Feature","properties":{"osm_id":581762913,"building":"house"},"geometry":{"type":"Polygon","coordinates":[[[101.6435059,2.914792],[101.6435059,2.9147321],[101.6436993,2.9147387],[101.6436771,2.9148031],[101.6435059,2.914792]]]}},{"type":"Feature","properties":{"osm_id":581762914,"building":"house"},"geometry":{"type":"Polygon","coordinates":[[[101.6435059,2.9147321],[101.6435055,2.914683],[101.6436949,2.914681],[101.6436993,2.9147387],[101.6435059,2.9147321]]]}},{"type":"Feature","properties":{"osm_id":581762915,"building":"house"},"geometry":{"type":"Polygon","coordinates":[[[101.6434882,2.9146788],[101.6434993,2.9146055],[101.6436793,2.9146055],[101.6436949,2.914681],[101.6434882,2.9146788]]]}},{"type":"Feature","properties":{"osm_id":581762916,"building":"house"},"geometry":{"type":"Polygon","coordinates":[[[101.6438705,2.9149851],[101.6438705,2.9149185],[101.644075,2.9149119],[101.6440794,2.9149896],[101.6438705,2.9149851]]]}},{"type":"Feature","properties":{"osm_id":581762917,"building":"house"},"geometry":{"type":"Polygon","coordinates":[[[101.6438705,2.9149185],[101.643866,2.9148542],[101.6440328,2.9148523],[101.6440705,2.9148519],[101.644075,2.9149119],[101.6438705,2.9149185]]]}},{"type":"Feature","properties":{"osm_id":581762918,"building":"house"},"geometry":{"type":"Polygon","coordinates":[[[101.643866,2.9148542],[101.6438505,2.914792],[101.6440283,2.9147964],[101.6440328,2.9148523],[101.643866,2.9148542]]]}},{"type":"Feature","properties":{"osm_id":581762919,"building":"house"},"geometry":{"type":"Polygon","coordinates":[[[101.6438505,2.914792],[101.643846,2.9147254],[101.6440239,2.9147298],[101.6440283,2.9147964],[101.6438505,2.914792]]]}},{"type":"Feature","properties":{"osm_id":581762920,"building":"house"},"geometry":{"type":"Polygon","coordinates":[[[101.643846,2.9147254],[101.6438438,2.9146566],[101.6440261,2.9146566],[101.6440239,2.9147298],[101.643846,2.9147254]]]}},{"type":"Feature","properties":{"osm_id":581762921,"building":"house"},"geometry":{"type":"Polygon","coordinates":[[[101.6438438,2.9146566],[101.643846,2.9145855],[101.6440194,2.9145966],[101.6440261,2.9146566],[101.6438438,2.9146566]]]}},{"type":"Feature","properties":{"osm_id":581762922,"building":"house"},"geometry":{"type":"Polygon","coordinates":[[[101.6443101,2.9152333],[101.644272,2.9151831],[101.6444471,2.9150531],[101.6444846,2.9151065],[101.6443101,2.9152333]]]}},{"type":"Feature","properties":{"osm_id":581762923,"building":"house"},"geometry":{"type":"Polygon","coordinates":[[[101.644272,2.9151831],[101.64422,2.9151196],[101.6444063,2.9149839],[101.6444527,2.9150474],[101.644272,2.9151831]]]}},{"type":"Feature","properties":{"osm_id":581762924,"building":"house"},"geometry":{"type":"Polygon","coordinates":[[[101.64422,2.9151196],[101.6441743,2.9150678],[101.6442182,2.9150363],[101.6443633,2.9149324],[101.6444063,2.9149839],[101.64422,2.9151196]]]}},{"type":"Feature","properties":{"osm_id":581762925,"building":"house"},"geometry":{"type":"Polygon","coordinates":[[[101.6442182,2.9150363],[101.6441743,2.9149701],[101.644223,2.9149401],[101.6443366,2.9148702],[101.6443633,2.9149324],[101.6442182,2.9150363]]]}},{"type":"Feature","properties":{"osm_id":581762926,"building":"house"},"geometry":{"type":"Polygon","coordinates":[[[101.644223,2.9149401],[101.6441765,2.9148857],[101.6442104,2.9148648],[101.6443455,2.9147814],[101.6443877,2.914828],[101.644223,2.9149401]]]}},{"type":"Feature","properties":{"osm_id":581762927,"building":"house"},"geometry":{"type":"Polygon","coordinates":[[[101.6442104,2.9148648],[101.6441677,2.9148058],[101.644341,2.9146704],[101.6443833,2.914737],[101.6442104,2.9148648]]]}},{"type":"Feature","properties":{"osm_id":581762928,"building":"house"},"geometry":{"type":"Polygon","coordinates":[[[101.6441677,2.9148058],[101.6441165,2.9147525],[101.6442966,2.9146149],[101.644341,2.9146704],[101.6441677,2.9148058]]]}},{"type":"Feature","properties":{"osm_id":581762929,"building":"house"},"geometry":{"type":"Polygon","coordinates":[[[101.6441165,2.9147525],[101.6440743,2.9146904],[101.6442588,2.9145594],[101.6442966,2.9146149],[101.6441165,2.9147525]]]}},{"type":"Feature","properties":{"osm_id":581763853,"building":"house"},"geometry":{"type":"Polygon","coordinates":[[[101.6447285,2.9149829],[101.6447293,2.9149308],[101.6449228,2.9149211],[101.6449151,2.9149868],[101.6447285,2.9149829]]]}},{"type":"Feature","properties":{"osm_id":581763855,"building":"house"},"geometry":{"type":"Polygon","coordinates":[[[101.6446674,2.9149192],[101.6446674,2.9148767],[101.644857,2.914867],[101.6448609,2.9149057],[101.6446674,2.9149192]]]}},{"type":"Feature","properties":{"osm_id":581763858,"building":"house"},"geometry":{"type":"Polygon","coordinates":[[[101.6446441,2.9148535],[101.6446441,2.914811],[101.6448086,2.9147916],[101.6448048,2.914838],[101.6446441,2.9148535]]]}},{"type":"Feature","properties":{"osm_id":581763860,"building":"house"},"geometry":{"type":"Polygon","coordinates":[[[101.6446422,2.914782],[101.6446403,2.9147337],[101.6448067,2.9147317],[101.644799,2.9147781],[101.6446422,2.914782]]]}},{"type":"Feature","properties":{"osm_id":581763862,"building":"house"},"geometry":{"type":"Polygon","coordinates":[[[101.6446441,2.9147163],[101.6446441,2.9146795],[101.6448067,2.9146834],[101.6448067,2.9147163],[101.6446441,2.9147163]]]}},{"type":"Feature","properties":{"osm_id":581763864,"building":"house"},"geometry":{"type":"Polygon","coordinates":[[[101.6446422,2.9146583],[101.6446441,2.9146119],[101.6448125,2.9146158],[101.6448067,2.9146641],[101.6446422,2.9146583]]]}},{"type":"Feature","properties":{"osm_id":581763866,"building":"house"},"geometry":{"type":"Polygon","coordinates":[[[101.6450815,2.9151337],[101.6450776,2.915182],[101.644917,2.915182],[101.6449189,2.9151298],[101.6450815,2.9151337]]]}},{"type":"Feature","properties":{"osm_id":581763868,"building":"house"},"geometry":{"type":"Polygon","coordinates":[[[101.6449189,2.9152497],[101.6449247,2.9152013],[101.6450776,2.9152033],[101.6450718,2.9152497],[101.6450273,2.9152497],[101.6449189,2.9152497]]]}},{"type":"Feature","properties":{"osm_id":581763870,"building":"house"},"geometry":{"type":"Polygon","coordinates":[[[101.6448725,2.9153115],[101.6448725,2.9152555],[101.6450273,2.9152497],[101.6450234,2.9153096],[101.6448725,2.9153115]]]}},{"type":"Feature","properties":{"osm_id":581763872,"building":"house"},"geometry":{"type":"Polygon","coordinates":[[[101.6448531,2.9153811],[101.6448551,2.915327],[101.6450292,2.9153289],[101.6450312,2.9153753],[101.6448531,2.9153811]]]}},{"type":"Feature","properties":{"osm_id":581763874,"building":"house"},"geometry":{"type":"Polygon","coordinates":[[[101.644826,2.9153946],[101.644977,2.9153927],[101.6449789,2.915441],[101.6448125,2.9154429],[101.644826,2.9153946]]]}},{"type":"Feature","properties":{"osm_id":581763876,"building":"house"},"geometry":{"type":"Polygon","coordinates":[[[101.6448106,2.9155086],[101.6448125,2.9154429],[101.6449789,2.915441],[101.6449731,2.9155028],[101.6448106,2.9155086]]]}},{"type":"Feature","properties":{"osm_id":581763877,"building":"house"},"geometry":{"type":"Polygon","coordinates":[[[101.6447603,2.9155705],[101.644768,2.9155164],[101.6449402,2.9155164],[101.6449305,2.9155647],[101.6447603,2.9155705]]]}},{"type":"Feature","properties":{"osm_id":581763878,"building":"house"},"geometry":{"type":"Polygon","coordinates":[[[101.6447583,2.9156381],[101.644768,2.9155859],[101.6449286,2.9155782],[101.6449267,2.9156246],[101.6447583,2.9156381]]]}},{"type":"Feature","properties":{"osm_id":581763879,"building":"house"},"geometry":{"type":"Polygon","coordinates":[[[101.644768,2.9156942],[101.6447719,2.9156516],[101.6449325,2.9156439],[101.6449209,2.9156942],[101.644768,2.9156942]]]}},{"type":"Feature","properties":{"osm_id":581763880,"building":"house"},"geometry":{"type":"Polygon","coordinates":[[[101.6450563,2.9157058],[101.6450583,2.9156362],[101.6452692,2.9156362],[101.6452595,2.9157038],[101.6450563,2.9157058]]]}},{"type":"Feature","properties":{"osm_id":581763881,"building":"house"},"geometry":{"type":"Polygon","coordinates":[[[101.6450583,2.9156362],[101.6450641,2.9155627],[101.6452672,2.9155666],[101.6452692,2.9156362],[101.6450583,2.9156362]]]}},{"type":"Feature","properties":{"osm_id":581763882,"building":"house"},"geometry":{"type":"Polygon","coordinates":[[[101.6450641,2.9155627],[101.645066,2.9155028],[101.6451705,2.9155039],[101.6452614,2.9155048],[101.6452672,2.9155666],[101.6450641,2.9155627]]]}},{"type":"Feature","properties":{"osm_id":581763883,"building":"house"},"geometry":{"type":"Polygon","coordinates":[[[101.6451705,2.9155039],[101.6451744,2.9154275],[101.6453601,2.9154255],[101.6453601,2.915499],[101.6451705,2.9155039]]]}},{"type":"Feature","properties":{"osm_id":581763884,"building":"house"},"geometry":{"type":"Polygon","coordinates":[[[101.6451744,2.9154275],[101.6451763,2.9153502],[101.6452584,2.9153398],[101.6453524,2.9153482],[101.6453601,2.9154255],[101.6451744,2.9154275]]]}},{"type":"Feature","properties":{"osm_id":581763885,"building":"house"},"geometry":{"type":"Polygon","coordinates":[[[101.6452584,2.9153398],[101.6452618,2.9151416],[101.6454074,2.9151442],[101.6454421,2.9151448],[101.6454386,2.915343],[101.6452584,2.9153398]]]}},{"type":"Feature","properties":{"osm_id":581763886,"building":"house"},"geometry":{"type":"Polygon","coordinates":[[[101.6452618,2.9151416],[101.64521,2.915141],[101.6452102,2.9150595],[101.6453485,2.915061],[101.6454114,2.9150632],[101.6454074,2.9151442],[101.6452618,2.9151416]]]}},{"type":"Feature","properties":{"osm_id":581763887,"building":"house"},"geometry":{"type":"Polygon","coordinates":[[[101.6453485,2.915061],[101.6453505,2.9149868],[101.6453156,2.9149868],[101.6451647,2.9149868],[101.6451628,2.9150564],[101.6453485,2.915061]]]}},{"type":"Feature","properties":{"osm_id":581763888,"building":"house"},"geometry":{"type":"Polygon","coordinates":[[[101.6453156,2.9149868],[101.6453214,2.9149173],[101.6451163,2.9149134],[101.6451124,2.914983],[101.6453156,2.9149868]]]}},{"type":"Feature","properties":{"osm_id":581763889,"building":"house"},"geometry":{"type":"Polygon","coordinates":[[[101.6449305,2.9148013],[101.6449344,2.91461],[101.6450002,2.91461],[101.6450002,2.9148032],[101.6449305,2.9148013]]]}},{"type":"Feature","properties":{"osm_id":581763890,"building":"house"},"geometry":{"type":"Polygon","coordinates":[[[101.6450002,2.9148032],[101.6450795,2.914809],[101.6450737,2.914608],[101.6450002,2.91461],[101.6450002,2.9148032]]]}},{"type":"Feature","properties":{"osm_id":581764136,"building":"house"},"geometry":{"type":"Polygon","coordinates":[[[101.6450795,2.914809],[101.6451473,2.9148032],[101.6451492,2.91461],[101.6450737,2.914608],[101.6450795,2.914809]]]}},{"type":"Feature","properties":{"osm_id":581764138,"building":"house"},"geometry":{"type":"Polygon","coordinates":[[[101.6451473,2.9148032],[101.6452111,2.9148032],[101.6452189,2.9146042],[101.6451492,2.91461],[101.6451473,2.9148032]]]}},{"type":"Feature","properties":{"osm_id":581764139,"building":"house"},"geometry":{"type":"Polygon","coordinates":[[[101.6452111,2.9148032],[101.6452885,2.914809],[101.6452963,2.914608],[101.6452189,2.9146042],[101.6452111,2.9148032]]]}},{"type":"Feature","properties":{"osm_id":581765010,"building":"house"},"geometry":{"type":"Polygon","coordinates":[[[101.6392122,2.9147023],[101.6392132,2.9145542],[101.6392655,2.9145546],[101.6392644,2.9147027],[101.6392122,2.9147023]]]}},{"type":"Feature","properties":{"osm_id":581765011,"building":"house"},"geometry":{"type":"Polygon","coordinates":[[[101.6392644,2.9147027],[101.6393285,2.9147004],[101.639327,2.914554],[101.6392655,2.9145546],[101.6392644,2.9147027]]]}},{"type":"Feature","properties":{"osm_id":581765012,"building":"house"},"geometry":{"type":"Polygon","coordinates":[[[101.6393285,2.9147004],[101.6393866,2.9146995],[101.6393852,2.9145536],[101.639327,2.914554],[101.6393285,2.9147004]]]}},{"type":"Feature","properties":{"osm_id":581765013,"building":"house"},"geometry":{"type":"Polygon","coordinates":[[[101.6393866,2.9146995],[101.6394426,2.9146984],[101.6394435,2.9145535],[101.6393852,2.9145536],[101.6393866,2.9146995]]]}},{"type":"Feature","properties":{"osm_id":581765014,"building":"house"},"geometry":{"type":"Polygon","coordinates":[[[101.6394426,2.9146984],[101.6395017,2.9146987],[101.6395041,2.9145543],[101.6394435,2.9145535],[101.6394426,2.9146984]]]}},{"type":"Feature","properties":{"osm_id":581765015,"building":"house"},"geometry":{"type":"Polygon","coordinates":[[[101.6395017,2.9146987],[101.6395661,2.914699],[101.6395675,2.9145554],[101.6395041,2.9145543],[101.6395017,2.9146987]]]}},{"type":"Feature","properties":{"osm_id":581765016,"building":"house"},"geometry":{"type":"Polygon","coordinates":[[[101.6395661,2.914699],[101.6396274,2.914698],[101.6396281,2.9145581],[101.6395675,2.9145554],[101.6395661,2.914699]]]}},{"type":"Feature","properties":{"osm_id":581765017,"building":"house"},"geometry":{"type":"Polygon","coordinates":[[[101.6396274,2.914698],[101.6396913,2.9146983],[101.639692,2.9145584],[101.6396281,2.9145581],[101.6396274,2.914698]]]}},{"type":"Feature","properties":{"osm_id":581765018,"building":"house"},"geometry":{"type":"Polygon","coordinates":[[[101.6396913,2.9146983],[101.6397425,2.9146965],[101.6397452,2.9145597],[101.639692,2.9145584],[101.6396913,2.9146983]]]}},{"type":"Feature","properties":{"osm_id":581765019,"building":"house"},"geometry":{"type":"Polygon","coordinates":[[[101.6397425,2.9146965],[101.6398093,2.9146978],[101.639812,2.914561],[101.6397452,2.9145597],[101.6397425,2.9146965]]]}},{"type":"Feature","properties":{"osm_id":581765145,"building":"house"},"geometry":{"type":"Polygon","coordinates":[[[101.6398685,2.9146953],[101.6398718,2.9145532],[101.6399376,2.9145555],[101.639934,2.9146961],[101.6398685,2.9146953]]]}},{"type":"Feature","properties":{"osm_id":581765153,"building":"house"},"geometry":{"type":"Polygon","coordinates":[[[101.6399352,2.9146958],[101.6399958,2.9146951],[101.6400004,2.9145561],[101.6399388,2.9145552],[101.6399352,2.9146958]]]}},{"type":"Feature","properties":{"osm_id":581765154,"building":"house"},"geometry":{"type":"Polygon","coordinates":[[[101.6399968,2.9146946],[101.6400573,2.9146949],[101.6400568,2.9145538],[101.6400014,2.9145556],[101.6399968,2.9146946]]]}},{"type":"Feature","properties":{"osm_id":581807663,"building":"house"},"geometry":{"type":"Polygon","coordinates":[[[101.640059,2.9146957],[101.6401197,2.9146953],[101.6401207,2.9145523],[101.6400585,2.9145546],[101.640059,2.9146957]]]}},{"type":"Feature","properties":{"osm_id":581807665,"building":"house"},"geometry":{"type":"Polygon","coordinates":[[[101.6401213,2.9145523],[101.6401792,2.914552],[101.6401809,2.9146942],[101.6401203,2.9146953],[101.6401213,2.9145523]]]}},{"type":"Feature","properties":{"osm_id":581807667,"building":"house"},"geometry":{"type":"Polygon","coordinates":[[[101.6401801,2.914552],[101.6402386,2.9145513],[101.6402403,2.9146935],[101.6401818,2.9146942],[101.6401801,2.914552]]]}},{"type":"Feature","properties":{"osm_id":581807669,"building":"house"},"geometry":{"type":"Polygon","coordinates":[[[101.6402408,2.9145503],[101.6402979,2.9145493],[101.6403005,2.9146897],[101.6402433,2.9146907],[101.6402408,2.9145503]]]}},{"type":"Feature","properties":{"osm_id":581807671,"building":"house"},"geometry":{"type":"Polygon","coordinates":[[[101.6403004,2.9145497],[101.6403588,2.9145479],[101.6403634,2.9146911],[101.640305,2.9146929],[101.6403004,2.9145497]]]}},{"type":"Feature","properties":{"osm_id":581807673,"building":"house"},"geometry":{"type":"Polygon","coordinates":[[[101.6403636,2.9145496],[101.6404219,2.9145484],[101.6404251,2.9146915],[101.6403667,2.9146928],[101.6403636,2.9145496]]]}},{"type":"Feature","properties":{"osm_id":581807674,"building":"house"},"geometry":{"type":"Polygon","coordinates":[[[101.6404252,2.9145457],[101.6404835,2.9145447],[101.640486,2.9146878],[101.6404276,2.9146889],[101.6404252,2.9145457]]]}},{"type":"Feature","properties":{"osm_id":581807676,"building":"house"},"geometry":{"type":"Polygon","coordinates":[[[101.6404869,2.9145456],[101.6405454,2.9145454],[101.6405458,2.9146887],[101.6404874,2.9146889],[101.6404869,2.9145456]]]}},{"type":"Feature","properties":{"osm_id":581807678,"building":"house"},"geometry":{"type":"Polygon","coordinates":[[[101.6405488,2.9146875],[101.6406125,2.9146892],[101.6406143,2.9145249],[101.6405506,2.9145249],[101.6405488,2.9146875]]]}},{"type":"Feature","properties":{"osm_id":581807680,"building":"house"},"geometry":{"type":"Polygon","coordinates":[[[101.6406225,2.9146916],[101.6406862,2.9146934],[101.640688,2.914529],[101.6406243,2.914529],[101.6406225,2.9146916]]]}},{"type":"Feature","properties":{"osm_id":581807682,"building":"house"},"geometry":{"type":"Polygon","coordinates":[[[101.6406951,2.914695],[101.6407588,2.9146968],[101.6407605,2.9145324],[101.6406968,2.9145324],[101.6406951,2.914695]]]}},{"type":"Feature","properties":{"osm_id":581807684,"building":"house"},"geometry":{"type":"Polygon","coordinates":[[[101.6407679,2.9146935],[101.6408316,2.9146953],[101.6408333,2.9145309],[101.6407696,2.9145309],[101.6407679,2.9146935]]]}},{"type":"Feature","properties":{"osm_id":581807686,"building":"house"},"geometry":{"type":"Polygon","coordinates":[[[101.6408367,2.9146935],[101.6409004,2.9146953],[101.6409022,2.9145309],[101.6408385,2.9145309],[101.6408367,2.9146935]]]}},{"type":"Feature","properties":{"osm_id":581807688,"building":"house"},"geometry":{"type":"Polygon","coordinates":[[[101.6409038,2.9146946],[101.6409676,2.9146964],[101.6409693,2.914532],[101.6409056,2.914532],[101.6409038,2.9146946]]]}},{"type":"Feature","properties":{"osm_id":581807690,"building":"house"},"geometry":{"type":"Polygon","coordinates":[[[101.6409693,2.9146964],[101.6410308,2.9146984],[101.6410348,2.9145338],[101.6410329,2.9145338],[101.6409711,2.9145338],[101.6409693,2.9146964]]]}},{"type":"Feature","properties":{"osm_id":581807692,"building":"house"},"geometry":{"type":"Polygon","coordinates":[[[101.6410354,2.9146976],[101.6410884,2.914699],[101.6410883,2.9145344],[101.6410365,2.9145338],[101.6410354,2.9146976]]]}},{"type":"Feature","properties":{"osm_id":581807694,"building":"house"},"geometry":{"type":"Polygon","coordinates":[[[101.6410897,2.9146964],[101.6411534,2.9146982],[101.6411551,2.9145338],[101.6410914,2.9145338],[101.6410897,2.9146964]]]}},{"type":"Feature","properties":{"osm_id":581807696,"building":"house"},"geometry":{"type":"Polygon","coordinates":[[[101.6411537,2.9146959],[101.6412174,2.9146977],[101.6412191,2.9145333],[101.6411554,2.9145333],[101.6411537,2.9146959]]]}},{"type":"Feature","properties":{"osm_id":581807698,"building":"house"},"geometry":{"type":"Polygon","coordinates":[[[101.6412238,2.9146956],[101.6412875,2.9146974],[101.6412892,2.914533],[101.6412255,2.914533],[101.6412238,2.9146956]]]}},{"type":"Feature","properties":{"osm_id":581810528,"building":"house"},"geometry":{"type":"Polygon","coordinates":[[[101.6398769,2.9149378],[101.639879,2.9148008],[101.639944,2.9148018],[101.6399419,2.9149388],[101.6398769,2.9149378]]]}},{"type":"Feature","properties":{"osm_id":581810529,"building":"house"},"geometry":{"type":"Polygon","coordinates":[[[101.6399448,2.9149364],[101.6399469,2.9147992],[101.6400119,2.9148002],[101.6400098,2.9149373],[101.6399448,2.9149364]]]}},{"type":"Feature","properties":{"osm_id":581810531,"building":"house"},"geometry":{"type":"Polygon","coordinates":[[[101.6400106,2.9149341],[101.6400126,2.914797],[101.6400776,2.914798],[101.6400756,2.914935],[101.6400106,2.9149341]]]}},{"type":"Feature","properties":{"osm_id":581810533,"building":"house"},"geometry":{"type":"Polygon","coordinates":[[[101.6400794,2.9149358],[101.6400815,2.9147987],[101.6401466,2.9147997],[101.6401445,2.9149368],[101.6400794,2.9149358]]]}},{"type":"Feature","properties":{"osm_id":660793655,"building":"commercial","name":"Paragon Tower A"},"geometry":{"type":"Polygon","coordinates":[[[101.6370161,2.9238817],[101.6373151,2.9238839],[101.6373199,2.9232286],[101.637021,2.9232264],[101.6370161,2.9238817]]]}},{"type":"Feature","properties":{"osm_id":765818128,"building":"yes"},"geometry":{"type":"Polygon","coordinates":[[[101.6391653,2.9109915],[101.6401542,2.9109695],[101.64015,2.9107787],[101.6391611,2.9108007],[101.6391653,2.9109915]]]}},{"type":"Feature","properties":{"osm_id":1131261063,"building":"roof"},"geometry":{"type":"Polygon","coordinates":[[[101.6364894,2.9214307],[101.6365792,2.9214321],[101.6365796,2.921401],[101.6364899,2.9213997],[101.6364894,2.9214307]]]}},{"type":"Feature","properties":{"osm_id":1131261064,"building":"apartments"},"geometry":{"type":"Polygon","coordinates":[[[101.6366249,2.9187964],[101.637305,2.9188698],[101.6373187,2.9187428],[101.6366387,2.9186692],[101.6366249,2.9187964]]]}},{"type":"Feature","properties":{"osm_id":1131261065,"building":"apartments"},"geometry":{"type":"Polygon","coordinates":[[[101.6361138,2.9189109],[101.6366233,2.9189745],[101.6366434,2.9188136],[101.636515,2.9187976],[101.6361339,2.9187502],[101.6361138,2.9189109]]]}},{"type":"Feature","properties":{"osm_id":1165917211,"building":"commercial"},"geometry":{"type":"Polygon","coordinates":[[[101.6381153,2.9211249],[101.6383311,2.9211249],[101.6383311,2.9207158],[101.6380867,2.9207158],[101.6380867,2.9210853],[101.6381153,2.9211249]]]}},{"type":"Feature","properties":{"osm_id":1165917212,"building":"commercial"},"geometry":{"type":"Polygon","coordinates":[[[101.6381006,2.9206767],[101.6383241,2.9206745],[101.6383197,2.9202114],[101.6381356,2.9202132],[101.6380963,2.9202346],[101.6381006,2.9206767]]]}},{"type":"Feature","properties":{"osm_id":1247305565,"building":"yes"},"geometry":{"type":"Polygon","coordinates":[[[101.6420113,2.9231105],[101.6420859,2.9231116],[101.6420873,2.9230163],[101.6420127,2.9230152],[101.6420113,2.9231105]]]}},{"type":"Feature","properties":{"osm_id":1326074933,"building":"yes"},"geometry":{"type":"Polygon","coordinates":[[[101.6383231,2.9213163],[101.6384515,2.9213162],[101.6384515,2.9211923],[101.638323,2.9211924],[101.6383231,2.9213163]]]}},{"type":"Feature","properties":{"osm_id":1413610459,"building":"construction"},"geometry":{"type":"Polygon","coordinates":[[[101.6406358,2.921973],[101.6410154,2.921191],[101.6406438,2.9210111],[101.6402643,2.9217932],[101.6406358,2.921973]]]}},{"type":"Feature","properties":{"osm_id":1535760108,"building":"terrace"},"geometry":{"type":"Polygon","coordinates":[[[101.640992,2.9142133],[101.641781,2.9142147],[101.6417807,2.9144034],[101.6409917,2.9144022],[101.640992,2.9142133]]]}},{"type":"Feature","properties":{"osm_id":1535760109,"building":"terrace"},"geometry":{"type":"Polygon","coordinates":[[[101.6418728,2.9142215],[101.6426618,2.9142229],[101.6426615,2.9144116],[101.6418725,2.9144104],[101.6418728,2.9142215]]]}},{"type":"Feature","properties":{"osm_id":1535760110,"building":"terrace"},"geometry":{"type":"Polygon","coordinates":[[[101.6427777,2.9142153],[101.6435667,2.9142167],[101.6435664,2.9144054],[101.6427774,2.9144042],[101.6427777,2.9142153]]]}},{"type":"Feature","properties":{"osm_id":1535760112,"building":"terrace"},"geometry":{"type":"Polygon","coordinates":[[[101.6411079,2.9138187],[101.6426301,2.91382],[101.6426299,2.9140183],[101.6411077,2.9140167],[101.6411079,2.9138187]]]}},{"type":"Feature","properties":{"osm_id":1535760113,"building":"terrace"},"geometry":{"type":"Polygon","coordinates":[[[101.6428839,2.9138173],[101.6443824,2.9138161],[101.6443826,2.9140156],[101.6428841,2.9140165],[101.6428839,2.9138173]]]}},{"type":"Feature","properties":{"osm_id":1535760114,"building":"terrace"},"geometry":{"type":"Polygon","coordinates":[[[101.640257,2.9137914],[101.640887,2.914129],[101.6407987,2.9142933],[101.6401688,2.9139556],[101.640257,2.9137914]]]}},{"type":"Feature","properties":{"osm_id":1535760115,"building":"terrace"},"geometry":{"type":"Polygon","coordinates":[[[101.6399519,2.9131387],[101.6402196,2.913725],[101.6400581,2.9137986],[101.6397904,2.9132122],[101.6399519,2.9131387]]]}},{"type":"Feature","properties":{"osm_id":1535760116,"building":"terrace"},"geometry":{"type":"Polygon","coordinates":[[[101.640212,2.9131794],[101.6403687,2.9131126],[101.6405211,2.9134692],[101.6403643,2.913536],[101.640212,2.9131794]]]}},{"type":"Feature","properties":{"osm_id":1535760117,"building":"terrace"},"geometry":{"type":"Polygon","coordinates":[[[101.6405715,2.9135248],[101.6408976,2.9137399],[101.6407814,2.9139154],[101.6404554,2.9137003],[101.6405715,2.9135248]]]}},{"type":"Feature","properties":{"osm_id":1535760118,"building":"terrace"},"geometry":{"type":"Polygon","coordinates":[[[101.6397866,2.9127803],[101.6400307,2.91215],[101.6402072,2.9122182],[101.6399629,2.9128484],[101.6397866,2.9127803]]]}},{"type":"Feature","properties":{"osm_id":1535760119,"building":"terrace"},"geometry":{"type":"Polygon","coordinates":[[[101.640173,2.9127609],[101.6403275,2.9124064],[101.6405314,2.9124951],[101.6403768,2.9128495],[101.640173,2.9127609]]]}},{"type":"Feature","properties":{"osm_id":1535760120,"building":"terrace"},"geometry":{"type":"Polygon","coordinates":[[[101.6404522,2.9122992],[101.6406581,2.912142],[101.6407758,2.9122957],[101.6405698,2.9124529],[101.6404522,2.9122992]]]}},{"type":"Feature","properties":{"osm_id":1535760121,"building":"terrace"},"geometry":{"type":"Polygon","coordinates":[[[101.6401446,2.9120411],[101.6404435,2.9117938],[101.6405511,2.9119236],[101.6402521,2.9121708],[101.6401446,2.9120411]]]}},{"type":"Feature","properties":{"osm_id":1535760122,"building":"house"},"geometry":{"type":"Polygon","coordinates":[[[101.6409999,2.9122296],[101.6411124,2.9122287],[101.6411105,2.9120062],[101.6409979,2.9120072],[101.6409999,2.9122296]]]}},{"type":"Feature","properties":{"osm_id":1535760123,"building":"house"},"geometry":{"type":"Polygon","coordinates":[[[101.6411307,2.9122205],[101.6412478,2.9122284],[101.6412618,2.9120227],[101.6411447,2.9120147],[101.6411307,2.9122205]]]}},{"type":"Feature","properties":{"osm_id":1535760124,"building":"house"},"geometry":{"type":"Polygon","coordinates":[[[101.6412721,2.9122359],[101.6413892,2.9122438],[101.6414032,2.9120381],[101.6412861,2.9120301],[101.6412721,2.9122359]]]}},{"type":"Feature","properties":{"osm_id":1535760125,"building":"house"},"geometry":{"type":"Polygon","coordinates":[[[101.6414067,2.9122586],[101.6415238,2.9122665],[101.6415378,2.9120608],[101.6414207,2.9120528],[101.6414067,2.9122586]]]}},{"type":"Feature","properties":{"osm_id":1535760126,"building":"house"},"geometry":{"type":"Polygon","coordinates":[[[101.6415615,2.9122837],[101.6416786,2.9122916],[101.6416926,2.9120859],[101.6415755,2.9120779],[101.6415615,2.9122837]]]}},{"type":"Feature","properties":{"osm_id":1535760127,"building":"house"},"geometry":{"type":"Polygon","coordinates":[[[101.6417247,2.9122485],[101.6418217,2.9122531],[101.64183,2.9120774],[101.641733,2.9120729],[101.6417247,2.9122485]]]}},{"type":"Feature","properties":{"osm_id":1535760128,"building":"house"},"geometry":{"type":"Polygon","coordinates":[[[101.6418678,2.9122378],[101.6419648,2.9122424],[101.6419731,2.9120667],[101.6418761,2.9120622],[101.6418678,2.9122378]]]}},{"type":"Feature","properties":{"osm_id":1535760129,"building":"house"},"geometry":{"type":"Polygon","coordinates":[[[101.6420055,2.9122425],[101.6421025,2.9122471],[101.6421108,2.9120714],[101.6420138,2.9120669],[101.6420055,2.9122425]]]}},{"type":"Feature","properties":{"osm_id":1535760130,"building":"house"},"geometry":{"type":"Polygon","coordinates":[[[101.6421398,2.9122328],[101.6422297,2.9122495],[101.6422615,2.9120791],[101.6421715,2.9120623],[101.6421398,2.9122328]]]}},{"type":"Feature","properties":{"osm_id":1535760131,"building":"house"},"geometry":{"type":"Polygon","coordinates":[[[101.6422764,2.9122283],[101.6423391,2.9120555],[101.6424223,2.9120856],[101.6423596,2.9122584],[101.6422764,2.9122283]]]}},{"type":"Feature","properties":{"osm_id":1535760132,"building":"house"},"geometry":{"type":"Polygon","coordinates":[[[101.6424073,2.9122528],[101.6424789,2.9121081],[101.6425615,2.9121489],[101.6424898,2.9122936],[101.6424073,2.9122528]]]}},{"type":"Feature","properties":{"osm_id":1535760133,"building":"house"},"geometry":{"type":"Polygon","coordinates":[[[101.6425125,2.9123323],[101.6425962,2.9121851],[101.6426877,2.912237],[101.642604,2.9123842],[101.6425125,2.9123323]]]}},{"type":"Feature","properties":{"osm_id":1535760134,"building":"house"},"geometry":{"type":"Polygon","coordinates":[[[101.6427045,2.9122482],[101.6427936,2.9122974],[101.642707,2.9124542],[101.6426178,2.912405],[101.6427045,2.9122482]]]}},{"type":"Feature","properties":{"osm_id":1535760135,"building":"house"},"geometry":{"type":"Polygon","coordinates":[[[101.6427649,2.9124562],[101.6428381,2.9123058],[101.6429266,2.9123488],[101.6428534,2.9124992],[101.6427649,2.9124562]]]}},{"type":"Feature","properties":{"osm_id":1535760136,"building":"house"},"geometry":{"type":"Polygon","coordinates":[[[101.6430252,2.9123299],[101.643135,2.9123624],[101.6430687,2.9125862],[101.6429588,2.9125538],[101.6430252,2.9123299]]]}},{"type":"Feature","properties":{"osm_id":1535760138,"building":"yes"},"geometry":{"type":"Polygon","coordinates":[[[101.6407138,2.9131303],[101.640814,2.9131302],[101.6408138,2.9127782],[101.6407135,2.9127782],[101.6407138,2.9131303]]]}},{"type":"Feature","properties":{"osm_id":1535760140,"building":"house"},"geometry":{"type":"Polygon","coordinates":[[[101.6410073,2.9133131],[101.6410693,2.9132476],[101.6410993,2.9132759],[101.6411278,2.9132457],[101.6412358,2.9133476],[101.6412001,2.9133854],[101.6412424,2.9134253],[101.6411876,2.9134832],[101.6410073,2.9133131]]]}},{"type":"Feature","properties":{"osm_id":1535760141,"building":"house"},"geometry":{"type":"Polygon","coordinates":[[[101.6409851,2.9131056],[101.6410747,2.9129506],[101.6411035,2.9129672],[101.6411258,2.9129287],[101.6412027,2.912973],[101.6411827,2.9130075],[101.6412147,2.913026],[101.6411296,2.913173],[101.6410939,2.9131524],[101.6410704,2.9131931],[101.6409857,2.9131443],[101.6410023,2.9131155],[101.6409851,2.9131056]]]}},{"type":"Feature","properties":{"osm_id":1535760142,"building":"house"},"geometry":{"type":"Polygon","coordinates":[[[101.6412409,2.9130287],[101.6412871,2.9128513],[101.6414731,2.9128996],[101.6414269,2.913077],[101.6412409,2.9130287]]]}},{"type":"Feature","properties":{"osm_id":1535760143,"building":"house"},"geometry":{"type":"Polygon","coordinates":[[[101.6414714,2.9131468],[101.6415089,2.9129421],[101.6416972,2.9129725],[101.6416622,2.9131798],[101.6414714,2.9131468]]]}},{"type":"Feature","properties":{"osm_id":1535760144,"building":"house"},"geometry":{"type":"Polygon","coordinates":[[[101.6416909,2.9131757],[101.6417284,2.912971],[101.6419167,2.9130014],[101.6418817,2.9132087],[101.6416909,2.9131757]]]}},{"type":"Feature","properties":{"osm_id":1535760145,"building":"house"},"geometry":{"type":"Polygon","coordinates":[[[101.641292,2.9135228],[101.6413275,2.9133167],[101.6415168,2.9133492],[101.6414814,2.9135553],[101.641292,2.9135228]]]}},{"type":"Feature","properties":{"osm_id":1535760146,"building":"house"},"geometry":{"type":"Polygon","coordinates":[[[101.6415061,2.9135632],[101.6415416,2.9133571],[101.6417309,2.9133896],[101.6416955,2.9135957],[101.6415061,2.9135632]]]}},{"type":"Feature","properties":{"osm_id":1535760147,"building":"house"},"geometry":{"type":"Polygon","coordinates":[[[101.6417156,2.9136049],[101.6417511,2.9133988],[101.6419404,2.9134313],[101.641905,2.9136374],[101.6417156,2.9136049]]]}},{"type":"Feature","properties":{"osm_id":1535760148,"building":"house"},"geometry":{"type":"Polygon","coordinates":[[[101.641968,2.9134529],[101.6421492,2.9134576],[101.6421444,2.9136447],[101.6419631,2.91364],[101.641968,2.9134529]]]}},{"type":"Feature","properties":{"osm_id":1535760149,"building":"house"},"geometry":{"type":"Polygon","coordinates":[[[101.6422061,2.9136307],[101.6423955,2.9136511],[101.6424155,2.9134652],[101.6422262,2.9134448],[101.6422061,2.9136307]]]}},{"type":"Feature","properties":{"osm_id":1535760150,"building":"house"},"geometry":{"type":"Polygon","coordinates":[[[101.6419506,2.9131974],[101.6421202,2.9132017],[101.6421246,2.9130261],[101.641955,2.9130219],[101.6419506,2.9131974]]]}},{"type":"Feature","properties":{"osm_id":1535760151,"building":"house"},"geometry":{"type":"Polygon","coordinates":[[[101.6421767,2.9132097],[101.6423586,2.9132141],[101.6423632,2.913024],[101.6421813,2.9130196],[101.6421767,2.9132097]]]}},{"type":"Feature","properties":{"osm_id":1535760152,"building":"house"},"geometry":{"type":"Polygon","coordinates":[[[101.6423989,2.9132248],[101.6425765,2.9132514],[101.6426043,2.9130656],[101.6424267,2.913039],[101.6423989,2.9132248]]]}},{"type":"Feature","properties":{"osm_id":1535760153,"building":"house"},"geometry":{"type":"Polygon","coordinates":[[[101.6426182,2.9132569],[101.6427763,2.9132952],[101.6428178,2.913124],[101.6426597,2.9130858],[101.6426182,2.9132569]]]}},{"type":"Feature","properties":{"osm_id":1535760154,"building":"house"},"geometry":{"type":"Polygon","coordinates":[[[101.6424984,2.9134936],[101.6426462,2.9135331],[101.6425997,2.9137062],[101.642452,2.9136667],[101.6424984,2.9134936]]]}},{"type":"Feature","properties":{"osm_id":1535760155,"building":"house"},"geometry":{"type":"Polygon","coordinates":[[[101.6428805,2.9135545],[101.643065,2.913549],[101.6430765,2.9137179],[101.6428837,2.9137146],[101.6428805,2.9135545]]]}},{"type":"Feature","properties":{"osm_id":1535760168,"building":"house"},"geometry":{"type":"Polygon","coordinates":[[[101.6429871,2.9131606],[101.6431547,2.9131665],[101.6431487,2.9133412],[101.6429811,2.9133355],[101.6429871,2.9131606]]]}},{"type":"Feature","properties":{"osm_id":1535760169,"building":"house"},"geometry":{"type":"Polygon","coordinates":[[[101.642982,2.9129406],[101.6430086,2.9127752],[101.6431815,2.9128028],[101.6431551,2.9129682],[101.642982,2.9129406]]]}},{"type":"Feature","properties":{"osm_id":1535760170,"building":"house"},"geometry":{"type":"Polygon","coordinates":[[[101.6424419,2.9127193],[101.6425217,2.9125719],[101.6426758,2.912655],[101.6425961,2.9128023],[101.6424419,2.9127193]]]}},{"type":"Feature","properties":{"osm_id":1535760171,"building":"house"},"geometry":{"type":"Polygon","coordinates":[[[101.6426591,2.9128321],[101.642725,2.9126781],[101.642886,2.9127468],[101.6428202,2.9129008],[101.6426591,2.9128321]]]}},{"type":"Feature","properties":{"osm_id":1535760172,"building":"house"},"geometry":{"type":"Polygon","coordinates":[[[101.6422708,2.9124876],[101.6424286,2.9125442],[101.6423695,2.9127088],[101.6422117,2.9126523],[101.6422708,2.9124876]]]}},{"type":"Feature","properties":{"osm_id":1535760173,"building":"house"},"geometry":{"type":"Polygon","coordinates":[[[101.6419855,2.9124627],[101.6421532,2.9124575],[101.6421587,2.9126323],[101.6419911,2.9126376],[101.6419855,2.9124627]]]}},{"type":"Feature","properties":{"osm_id":1535760174,"building":"house"},"geometry":{"type":"Polygon","coordinates":[[[101.6417431,2.9124884],[101.6419103,2.9124751],[101.6419244,2.9126494],[101.6417573,2.9126628],[101.6417431,2.9124884]]]}},{"type":"Feature","properties":{"osm_id":1535760175,"building":"house"},"geometry":{"type":"Polygon","coordinates":[[[101.6415467,2.9124957],[101.6417139,2.9125091],[101.6416999,2.9126834],[101.6415328,2.9126701],[101.6415467,2.9124957]]]}},{"type":"Feature","properties":{"osm_id":1535760176,"building":"house"},"geometry":{"type":"Polygon","coordinates":[[[101.6410648,2.9124486],[101.6412323,2.9124564],[101.6412243,2.9126311],[101.6410568,2.9126234],[101.6410648,2.9124486]]]}},{"type":"Feature","properties":{"osm_id":1535760177,"building":"house"},"geometry":{"type":"Polygon","coordinates":[[[101.6413158,2.9124574],[101.6414814,2.9124837],[101.6414541,2.9126564],[101.6412885,2.9126303],[101.6413158,2.9124574]]]}},{"type":"Feature","properties":{"osm_id":1536251459,"building":"yes","name":"Centre court"},"geometry":{"type":"Polygon","coordinates":[[[101.6362884,2.9197717],[101.63657,2.9197891],[101.636568,2.920122],[101.6362549,2.9201012],[101.6362884,2.9197717]]]}},{"type":"Feature","properties":{"osm_id":1536251466,"building":"yes"},"geometry":{"type":"Polygon","coordinates":[[[101.636036,2.9207452],[101.6361229,2.920755],[101.6361118,2.9208531],[101.6359081,2.9208302],[101.6359164,2.9207568],[101.6360332,2.92077],[101.636036,2.9207452]]]}},{"type":"Feature","properties":{"osm_id":1536251467,"building":"yes"},"geometry":{"type":"Polygon","coordinates":[[[101.6361885,2.9206657],[101.6366914,2.9206671],[101.6366887,2.9207207],[101.6367531,2.9207193],[101.6368657,2.9208291],[101.6367906,2.9209042],[101.636744,2.9208564],[101.6367383,2.9208506],[101.636737,2.9208379],[101.6361885,2.9208395],[101.6361885,2.9206657]]]}},{"type":"Feature","properties":{"osm_id":1536251515,"building":"yes"},"geometry":{"type":"Polygon","coordinates":[[[101.6365975,2.9197891],[101.636796,2.9197903],[101.636792,2.92012],[101.6369133,2.9201186],[101.63691,2.9206617],[101.6369622,2.9207166],[101.6368979,2.920789],[101.6367853,2.9206791],[101.6367893,2.9206202],[101.636737,2.9206202],[101.6367383,2.9201206],[101.6365975,2.9201206],[101.6365975,2.9197891]]]}},{"type":"Feature","properties":{"osm_id":1536251516,"building":"yes"},"geometry":{"type":"Polygon","coordinates":[[[101.6360641,2.919749],[101.636259,2.9197682],[101.6362265,2.9200965],[101.6361569,2.9200897],[101.636097,2.9206957],[101.6359245,2.9206787],[101.6359843,2.9200735],[101.6360315,2.9200781],[101.6360641,2.919749]]]}},{"type":"Feature","properties":{"osm_id":1536251517,"building":"yes"},"geometry":{"type":"Polygon","coordinates":[[[101.6360472,2.9191889],[101.6362429,2.9192093],[101.6361856,2.9197606],[101.6360641,2.919749],[101.6359892,2.9197414],[101.6360472,2.9191889]]]}},{"type":"Feature","properties":{"osm_id":1536251518,"building":"yes"},"geometry":{"type":"Polygon","coordinates":[[[101.6362282,2.9191572],[101.6362375,2.919073],[101.6360588,2.9190535],[101.6360526,2.9191098],[101.6361658,2.9191222],[101.6361627,2.9191501],[101.6362282,2.9191572]]]}},{"type":"Feature","properties":{"osm_id":1536251519,"building":"yes"},"geometry":{"type":"Polygon","coordinates":[[[101.636737,2.9193438],[101.636851,2.9192393],[101.6369033,2.9192393],[101.6369046,2.9197925],[101.636796,2.9197903],[101.6367048,2.9197885],[101.6367075,2.9194],[101.6367383,2.9194014],[101.636737,2.9193438]]]}},{"type":"Feature","properties":{"osm_id":1536251520,"building":"yes"},"geometry":{"type":"Polygon","coordinates":[[[101.6363212,2.9190893],[101.6368175,2.9191422],[101.6368107,2.9191911],[101.6366984,2.9192942],[101.6366361,2.9192892],[101.6366337,2.919317],[101.6363018,2.9192849],[101.6363212,2.9190893]]]}},{"type":"Feature","properties":{"osm_id":1536251521,"building":"yes"},"geometry":{"type":"Polygon","coordinates":[[[101.637077,2.9193604],[101.6373224,2.9193594],[101.6373202,2.9192013],[101.6370774,2.919205],[101.637077,2.9193604]]]}},{"type":"Feature","properties":{"osm_id":1536251522,"building":"yes"},"geometry":{"type":"Polygon","coordinates":[[[101.6370783,2.919576],[101.6373237,2.919575],[101.6373215,2.919417],[101.6370788,2.9194206],[101.6370783,2.919576]]]}},{"type":"Feature","properties":{"osm_id":1536251523,"building":"yes"},"geometry":{"type":"Polygon","coordinates":[[[101.637077,2.9203475],[101.6373224,2.9203465],[101.6373202,2.9201884],[101.6370774,2.9201921],[101.637077,2.9203475]]]}},{"type":"Feature","properties":{"osm_id":1536251524,"building":"yes"},"geometry":{"type":"Polygon","coordinates":[[[101.637077,2.9205591],[101.6373224,2.9205581],[101.6373202,2.9204001],[101.6370774,2.9204037],[101.637077,2.9205591]]]}},{"type":"Feature","properties":{"osm_id":1536251525,"building":"yes"},"geometry":{"type":"Polygon","coordinates":[[[101.6370794,2.9191502],[101.6371078,2.91915],[101.6373095,2.91915],[101.6373268,2.9191498],[101.6373266,2.9189911],[101.637319,2.9189919],[101.6373355,2.9189189],[101.6372057,2.9188928],[101.637198,2.9189299],[101.6371775,2.9189326],[101.63719,2.9189849],[101.6370999,2.9189828],[101.6370998,2.9190227],[101.6370776,2.919023],[101.6370793,2.9190391],[101.6370558,2.9190384],[101.6370558,2.9191024],[101.6370799,2.919102],[101.6370794,2.9191502]]]}},{"type":"Feature","properties":{"osm_id":1536251526,"building":"yes"},"geometry":{"type":"Polygon","coordinates":[[[101.6370777,2.9197911],[101.6371062,2.9197909],[101.6373078,2.9197908],[101.6373251,2.9197907],[101.6373249,2.919632],[101.6373083,2.9196325],[101.6371072,2.9196318],[101.6370775,2.9196323],[101.6370776,2.91968],[101.6370541,2.9196793],[101.6370541,2.9197433],[101.6370782,2.9197429],[101.6370777,2.9197911]]]}},{"type":"Feature","properties":{"osm_id":1536251527,"building":"yes"},"geometry":{"type":"Polygon","coordinates":[[[101.6370754,2.9201346],[101.6371039,2.9201345],[101.6373055,2.9201344],[101.6373228,2.9201343],[101.6373226,2.9199756],[101.637306,2.919976],[101.6371049,2.9199754],[101.6370752,2.9199759],[101.6370753,2.9200235],[101.6370518,2.9200229],[101.6370518,2.9200868],[101.637076,2.9200865],[101.6370754,2.9201346]]]}},{"type":"Feature","properties":{"osm_id":1536251528,"building":"yes"},"geometry":{"type":"Polygon","coordinates":[[[101.6370773,2.9207729],[101.6373227,2.9207719],[101.6373205,2.9206138],[101.6370777,2.9206175],[101.6370773,2.9207729]]]}},{"type":"Feature","properties":{"osm_id":1536251529,"building":"yes"},"geometry":{"type":"Polygon","coordinates":[[[101.6370727,2.9208304],[101.6371983,2.9208302],[101.6373223,2.9208303],[101.6373215,2.9209873],[101.6373115,2.9209874],[101.6373308,2.9210314],[101.6372971,2.9210453],[101.6372933,2.9210668],[101.6372595,2.9210604],[101.6372241,2.9210789],[101.6372153,2.9210509],[101.6371766,2.9210435],[101.637185,2.9209943],[101.6370941,2.9209945],[101.6370934,2.9209554],[101.6370731,2.9209557],[101.6370728,2.9209394],[101.6370497,2.9209398],[101.6370485,2.9208736],[101.6370735,2.9208731],[101.6370727,2.9208304]]]}},{"type":"Feature","properties":{"osm_id":1536251530,"building":"yes"},"geometry":{"type":"Polygon","coordinates":[[[101.6368998,2.9212492],[101.6369775,2.9212485],[101.6370577,2.9212462],[101.6370582,2.9212417],[101.6371031,2.9212571],[101.6371159,2.9212249],[101.6371373,2.9212222],[101.6371299,2.9211807],[101.6371393,2.921158],[101.6371219,2.9211499],[101.6371145,2.9211044],[101.6370669,2.9211151],[101.6370645,2.9210265],[101.6370262,2.9210232],[101.637028,2.9210033],[101.6370092,2.9210033],[101.6370126,2.9209798],[101.6369442,2.9209812],[101.6369422,2.9210039],[101.6368988,2.9210044],[101.6368993,2.9210329],[101.6368998,2.9212492]]]}},{"type":"Feature","properties":{"osm_id":1536251531,"building":"yes"},"geometry":{"type":"Polygon","coordinates":[[[101.6366859,2.9212479],[101.6367636,2.9212472],[101.6368411,2.9212475],[101.6368446,2.9210325],[101.6368438,2.9210024],[101.6366849,2.9210031],[101.6366834,2.9210322],[101.6366859,2.9212479]]]}},{"type":"Feature","properties":{"osm_id":1536251532,"building":"yes"},"geometry":{"type":"Polygon","coordinates":[[[101.6364729,2.9212481],[101.6365517,2.9212482],[101.6366305,2.9212482],[101.6366306,2.9210319],[101.6366307,2.9210035],[101.6364731,2.9210034],[101.6364731,2.9210316],[101.6364729,2.9212481]]]}},{"type":"Feature","properties":{"osm_id":1536251533,"building":"yes"},"geometry":{"type":"Polygon","coordinates":[[[101.6362601,2.9212492],[101.6363378,2.9212485],[101.6364153,2.9212489],[101.6364167,2.9210319],[101.636418,2.9210038],[101.6362591,2.9210044],[101.6362596,2.9210302],[101.6362601,2.9212492]]]}},{"type":"Feature","properties":{"osm_id":1536251534,"building":"yes"},"geometry":{"type":"Polygon","coordinates":[[[101.6360467,2.9212469],[101.6361243,2.9212462],[101.6362018,2.9212465],[101.6362033,2.9210295],[101.6362045,2.9210014],[101.6360456,2.9210021],[101.6360455,2.9210306],[101.6360467,2.9212469]]]}},{"type":"Feature","properties":{"osm_id":1540018288,"building":"yes"},"geometry":{"type":"Polygon","coordinates":[[[101.6364569,2.9204966],[101.6364721,2.9204315],[101.6365363,2.9204465],[101.6365211,2.9205116],[101.6364569,2.9204966]]]}},{"type":"Feature","properties":{"osm_id":1540018289,"building":"yes"},"geometry":{"type":"Polygon","coordinates":[[[101.6365465,2.920365],[101.6366132,2.920356],[101.6366223,2.9204241],[101.6365557,2.920433],[101.6365465,2.920365]]]}},{"type":"Feature","properties":{"osm_id":1540018290,"building":"yes"},"geometry":{"type":"Polygon","coordinates":[[[101.6365202,2.9202616],[101.6366157,2.9202404],[101.6366313,2.9203104],[101.6365358,2.9203317],[101.6365202,2.9202616]]]}},{"type":"Feature","properties":{"osm_id":1540018291,"building":"yes"},"geometry":{"type":"Polygon","coordinates":[[[101.636239,2.9203534],[101.6362281,2.9202795],[101.6363049,2.9202682],[101.6363158,2.9203422],[101.636239,2.9203534]]]}},{"type":"Feature","properties":{"osm_id":1540018292,"building":"yes"},"geometry":{"type":"Polygon","coordinates":[[[101.6362519,2.9204524],[101.6362498,2.9203754],[101.6363256,2.9203734],[101.6363276,2.9204505],[101.6362519,2.9204524]]]}},{"type":"Feature","properties":{"osm_id":1540018293,"building":"yes"},"geometry":{"type":"Polygon","coordinates":[[[101.6363187,2.920506],[101.636348,2.9204423],[101.6364083,2.9204699],[101.636379,2.9205336],[101.6363187,2.920506]]]}},{"type":"Feature","properties":{"osm_id":1540018294,"building":"yes"},"geometry":{"type":"Polygon","coordinates":[[[101.6364468,2.9205462],[101.636514,2.9205337],[101.636527,2.9206032],[101.6364597,2.9206157],[101.6364468,2.9205462]]]}},{"type":"Feature","properties":{"osm_id":1543242090,"building":"yes"},"geometry":{"type":"Polygon","coordinates":[[[101.6437556,2.921067],[101.6437382,2.9203142],[101.6441537,2.9203047],[101.6441709,2.9210574],[101.6437556,2.921067]]]}}]}
